X1;X2;X3;X4;X5;X6;X7;X8;X9;X10;X11;X12;X13;X14;X15;X16;X17;X18;X19;X20;X21;X22;X23;X24;X25;X26;X27;X28;X29;X30;X31;X32;X33;X34;X35;X36;X37;X38;X39;X40;X41;X42;X43;X44;X45;X46;X47;X48;X49;X50;X51;X52;X53;X54;X55;X56;X57;X58;X59;Y
1;0;38.5;66;28;0;0;1;0;0;0;1;0;1;0;0;0;0;0;0;1;0;0;0;0;1;0;0;0;1;0;0;0;1;0;1;0;1;0;0;4.962319;0;0;1;0;0;0;0;0;1;45;8.4;0;1;0;2.94812;0;1;0;0
0;0;39.2;88;20;0;0;1;0;1;0;0;0;0;0;0;1;0;0;1;0;0;0;1;0;0;0;0;0;1;0;1;0;0;0;1;0;1;0;0;4.962319;0;0;0;1;0;1;0;0;0;50;85;0;1;0;2;0;0;1;0
1;0;38.3;40;24;1;0;0;0;1;0;0;0;0;0;1;0;0;0;1;0;0;0;1;0;0;0;0;1;0;1;0;0;0;0;1;0;1;0;0;4.962319;1;0;0;0;1;0;0;0;0;33;6.7;0;1;0;2.94812;1;0;0;0
0;1;39.1;164;84;0;0;0;1;1;0;0;0;0;0;0;0;0;1;0;1;0;1;0;0;0;0;0;0;1;0;0;0;1;1;0;0;0;1;0;5;0;0;1;0;0;0;0;0;1;48;7.2;0;0;1;5.3;0;1;0;1
1;0;37.3;104;35;0;0;1;0;1;0;0;0;0;0;0;0;0;1;0;1;0;0;1;0;0;0;0;1;0;1;0;0;0;0;1;0;1;0;0;4.962319;0;0;0;1;0;0;0;0;1;74;7.4;0;1;0;2.94812;0;1;0;0
1;0;38.13445;70.75731;30.52189;0;1;0;0;1;0;0;0;0;0;1;0;0;0;1;0;0;1;0;0;0;0;0;1;0;0;1;0;0;0;1;0;1;0;0;4.962319;0;0;1;0;0;0;1;0;0;45.6568;24.77108;0;1;0;2.94812;1;0;0;0
0;0;37.9;48;16;1;0;0;0;1;0;0;0;1;0;0;0;0;0;1;0;0;0;1;0;0;0;0;1;0;0;0;1;0;1;0;0;1;0;0;4.962319;0;0;1;0;0;0;0;0;1;37;7;0;1;0;2.94812;1;0;0;1
0;0;38.13445;60;30.52189;0;0;1;0;1;0;0;0;1;0;0;0;0;0;1;0;0;0;1;0;0;0;0;0;1;0;1;0;0;0;1;0;1;0;0;4.962319;0;0;1;0;0;0;0;1;0;44;8.3;0;1;0;2.94812;0;1;0;1
1;0;38.13445;80;36;0;0;1;0;0;0;0;1;0;0;1;0;0;0;1;0;0;0;0;1;0;0;0;0;1;0;0;0;1;0;1;0;1;0;0;4.962319;0;0;1;0;0;0;0;0;1;38;6.2;0;1;0;2.94812;0;0;1;1
1;1;38.3;90;30.52189;1;0;0;0;1;0;0;0;1;0;0;0;0;0;1;0;0;0;0;0;1;0;0;1;0;1;0;0;0;0;1;0;1;0;0;4.962319;0;0;1;0;0;0;0;0;1;40;6.2;1;0;0;2.2;1;0;0;0
0;0;38.1;66;12;0;0;1;0;0;0;1;0;0;0;0;0;1;0;1;0;0;0;1;0;0;0;0;1;0;1;0;0;0;0;1;0;1;0;0;3;0;1;0;0;0;0;0;0;1;44;6;0;1;0;3.6;1;0;0;1
1;0;39.1;72;52;0;1;0;0;1;0;0;0;0;1;0;0;0;0;1;0;0;1;0;0;0;1;0;0;0;0;1;0;0;1;0;0;1;0;0;4.962319;0;0;0;1;0;0;0;1;0;50;7.8;0;1;0;2.94812;1;0;0;1
0;0;37.2;42;12;0;1;0;0;1;0;0;0;1;0;0;0;0;0;1;0;0;0;1;0;0;0;0;1;0;0;0;1;0;0;0;1;1;0;0;4.962319;0;0;0;1;0;0;0;0;1;45.6568;7;0;1;0;2.94812;1;0;0;0
1;1;38;92;28;1;0;0;0;1;0;0;0;0;1;0;0;0;0;1;0;1;0;0;0;0;0;0;1;0;0;1;0;0;0;0;1;1;0;0;7.2;1;0;0;0;1;0;0;0;0;37;6.1;1;0;0;2.94812;0;1;0;0
0;0;38.2;76;28;0;0;1;0;1;0;0;0;1;0;0;0;0;0;1;0;0;0;1;0;0;0;0;0;1;1;0;0;0;0;1;0;0;1;0;4.962319;0;0;0;1;0;0;0;1;0;46;81;1;0;0;2;1;0;0;1
0;0;37.6;96;48;0;0;1;0;1;0;0;0;0;0;0;1;0;0;1;0;0;0;0;0;1;0;0;1;0;0;0;1;0;0;1;0;0;0;1;4.5;0;0;0;1;0;0;0;0;1;45;6.8;0;1;0;2.94812;0;1;0;1
0;1;38.13445;128;36;0;0;1;0;0;0;1;0;0;0;0;1;0;0;0;1;0;0;0;1;0;0;0;0;1;0;0;1;0;0;0;1;1;0;0;4.962319;0;0;0;1;0;0;0;0;1;53;7.8;0;0;1;4.7;0;1;0;0
1;0;37.5;48;24;0;0;1;0;1;0;0;0;1;0;0;0;0;0;1;0;0;0;1;0;0;0;0;1;0;1;0;0;0;0;1;0;1;0;0;4.962319;0;0;0;1;0;0;0;0;1;45.6568;24.77108;0;1;0;2.94812;1;0;0;0
0;0;37.6;64;21;1;0;0;0;1;0;0;0;0;1;0;0;0;0;1;0;0;1;0;0;0;0;0;1;0;1;0;0;0;1;0;0;1;0;0;4.962319;0;1;0;0;0;0;0;0;1;40;7;1;0;0;2.94812;1;0;0;1
1;0;39.4;110;35;0;0;0;1;0;0;1;0;0;0;0;0;0;1;1;0;0;0;1;0;0;0;0;1;0;0;0;1;0;0;1;0;1;0;0;4.962319;0;0;0;1;0;0;0;0;1;55;8.7;0;1;0;2.94812;1;0;0;0
0;0;39.9;72;60;1;0;0;0;1;0;0;0;0;0;0;0;1;0;0;1;0;0;0;0;1;0;0;0;1;0;0;0;1;0;0;1;1;0;0;4.962319;0;0;0;1;0;0;0;1;0;46;6.1;0;1;0;2.94812;1;0;0;1
1;0;38.4;48;16;1;0;0;0;1;0;0;0;1;0;0;0;0;0;1;0;1;0;0;0;0;0;0;1;0;1;0;0;0;0;1;0;0;0;1;5.5;0;0;0;1;0;0;1;0;0;49;6.8;0;1;0;2.94812;1;0;0;0
0;0;38.6;42;34;0;1;0;0;1;0;0;0;0;0;0;1;0;0;1;0;0;1;0;0;0;0;0;1;0;1;0;0;0;0;1;0;1;0;0;4.962319;1;0;0;0;0;0;0;0;1;48;7.2;0;1;0;2.94812;1;0;0;1
0;1;38.3;130;60;0;0;1;0;0;0;1;0;1;0;0;0;0;0;1;0;0;1;0;0;0;0;0;0;1;1;0;0;0;0;1;0;1;0;0;4.962319;0;0;0;1;0;0;0;0;1;50;70;0;1;0;2.94812;1;0;0;1
0;0;38.1;60;12;0;0;1;0;0;0;1;0;0;0;1;0;0;0;1;0;0;0;1;0;0;0;0;0;1;0;0;1;0;0;0;1;0;1;0;2;0;0;0;1;0;0;0;0;1;51;65;0;1;0;2.94812;1;0;0;1
1;0;37.8;60;42;0;0;1;0;1;0;0;0;1;0;0;0;0;0;1;0;0;0;1;0;0;0;0;1;0;1;0;0;0;0;1;0;1;0;0;4.962319;0;0;0;1;0;0;0;0;1;45.6568;24.77108;0;1;0;2.94812;1;0;0;0
0;0;38.3;72;30;0;0;0;1;0;0;1;0;0;0;1;0;0;0;0;1;0;0;1;0;0;0;0;1;0;0;0;1;0;0;1;0;1;0;0;4.962319;0;0;1;0;0;0;0;0;1;43;7;0;1;0;3.9;1;0;0;1
0;0;37.8;48;12;0;0;1;0;1;0;0;0;1;0;0;0;0;0;1;0;0;0;1;0;0;0;0;1;0;0;1;0;0;1;0;0;1;0;0;4.962319;1;0;0;0;0;0;1;0;0;37;5.5;0;1;0;1.3;1;0;0;0
0;0;38.13445;70.75731;30.52189;0;0;1;0;1;0;0;0;1;0;0;0;0;0;1;0;0;0;1;0;0;0;0;1;0;1;0;0;0;0;1;0;1;0;0;4.962319;0;0;0;1;0;0;0;0;1;45.6568;24.77108;0;1;0;2.94812;0;1;0;0
1;0;37.7;48;30.52189;0;1;0;0;1;0;0;0;1;0;0;0;0;0;1;0;1;0;0;0;0;1;0;0;0;1;0;0;0;1;0;0;1;0;0;4.962319;0;0;0;1;0;0;0;0;1;45;76;0;1;0;2.94812;1;0;0;0
1;0;37.7;96;30;0;0;1;0;0;0;1;0;0;0;0;1;0;0;0;1;0;0;0;0;1;0;0;0;1;0;0;0;1;0;0;1;0;1;0;4;0;0;0;1;0;0;0;0;1;66;7.5;0;1;0;2.94812;0;1;0;1
1;0;37.2;108;12;0;0;1;0;0;0;1;0;0;0;0;1;0;0;0;1;0;1;0;0;0;0;0;0;1;0;1;0;0;0;1;0;0;0;1;6;0;0;1;0;0;0;1;0;0;52;8.2;0;0;1;7.4;0;0;1;1
0;0;37.2;60;30.52189;0;1;0;0;1;0;0;0;1;0;0;0;0;0;1;0;0;0;1;0;0;0;0;1;0;0;0;1;0;0;1;0;1;0;0;4.962319;0;0;0;1;0;0;0;0;1;43;6.6;0;1;0;2.94812;1;0;0;1
0;0;38.2;64;28;1;0;0;0;1;0;0;0;1;0;0;0;0;0;1;0;0;0;1;0;0;1;0;0;0;1;0;0;0;0;1;0;1;0;0;4.962319;0;0;0;1;0;0;0;1;0;49;8.6;0;1;0;6.6;1;0;0;1
0;0;38.13445;100;30;0;0;1;0;0;0;1;0;0;0;0;1;0;0;0;1;0;0;0;0;1;0;0;0;1;0;0;0;1;0;0;1;0;0;1;4.962319;0;0;0;1;0;0;0;1;0;52;6.6;0;1;0;2.94812;1;0;0;1
1;0;38.13445;104;24;0;0;0;1;0;0;1;0;0;0;1;0;0;0;0;1;0;0;0;1;0;0;0;0;1;0;0;1;0;0;1;0;0;0;1;4.962319;0;0;0;1;0;1;0;0;0;73;8.4;0;1;0;2.94812;0;0;1;1
1;0;38.3;112;16;0;0;1;0;0;0;1;0;0;0;0;0;1;0;0;1;0;0;1;0;0;0;0;1;0;1;0;0;0;1;0;0;0;1;0;4.962319;0;0;0;1;0;0;0;0;1;51;6;0;1;0;1;0;0;1;0
0;0;37.8;72;30.52189;0;0;1;0;0;0;1;0;1;0;0;0;0;0;1;0;0;0;0;0;1;0;0;1;0;1;0;0;0;0;1;0;1;0;0;4.962319;1;0;0;0;1;0;0;0;0;56;80;1;0;0;2;1;0;0;1
1;0;38.6;52;30.52189;1;0;0;0;1;0;0;0;1;0;0;0;0;0;1;0;0;0;1;0;0;0;0;1;0;0;1;0;0;1;0;0;1;0;0;4.962319;1;0;0;0;0;0;1;0;0;32;6.6;1;0;0;5;1;0;0;0
0;1;39.2;146;96;0;0;1;0;1;0;0;0;1;0;0;0;0;0;1;0;0;0;1;0;0;0;0;1;0;1;0;0;0;0;1;0;1;0;0;4.962319;0;0;0;1;0;0;0;0;1;45.6568;24.77108;0;1;0;2.94812;0;1;0;1
0;0;38.13445;88;30.52189;0;0;1;0;0;0;1;0;0;0;0;0;0;1;0;1;0;0;0;0;1;0;0;1;0;0;0;1;0;1;0;0;0;0;1;4.962319;0;0;0;1;0;0;0;0;1;63;6.5;0;0;1;2.94812;0;1;0;1
1;1;39;150;72;0;0;1;0;1;0;0;0;1;0;0;0;0;0;1;0;0;0;1;0;0;0;0;1;0;1;0;0;0;0;1;0;1;0;0;4.962319;0;0;0;1;0;0;0;0;1;47;8.5;0;1;0;0.1;1;0;0;1
1;0;38;60;12;0;0;1;0;1;0;0;0;0;0;1;0;0;0;1;0;0;0;1;0;0;0;0;1;0;1;0;0;0;1;0;0;1;0;0;4.962319;0;1;0;0;0;1;0;0;0;47;7;0;1;0;2.94812;1;0;0;0
0;0;38.13445;120;30.52189;0;0;1;0;0;0;0;1;0;0;0;1;0;0;1;0;0;0;0;1;0;0;0;0;1;0;0;0;1;1;0;0;1;0;0;4.962319;0;0;0;1;0;0;0;0;1;52;67;0;1;0;2;0;0;1;1
0;0;35.4;140;24;0;0;1;0;0;0;1;0;0;0;0;1;0;0;0;1;0;0;0;1;0;0;0;0;1;1;0;0;0;0;1;0;1;0;0;4.962319;0;0;0;1;0;0;0;0;1;57;69;0;0;1;2;0;0;1;1
1;0;38.13445;120;30.52189;0;0;0;1;0;0;1;0;0;0;0;1;0;0;0;1;0;0;0;0;1;0;0;0;1;0;0;0;1;1;0;0;1;0;0;4.962319;0;0;0;1;0;0;0;0;1;60;6.5;0;0;1;2.94812;0;1;0;1
0;0;37.9;60;15;0;0;1;0;1;0;0;0;0;0;0;1;0;0;0;1;0;0;0;0;1;0;0;0;1;0;0;0;1;0;1;0;0;1;0;4.962319;0;0;0;1;0;0;0;0;1;65;7.5;0;1;0;2.94812;1;0;0;1
1;0;37.5;48;16;1;0;0;0;1;0;0;0;1;0;0;0;0;0;1;0;1;0;0;0;0;1;0;0;0;1;0;0;0;1;0;0;1;0;0;4.962319;1;0;0;0;0;0;0;0;1;37;6.5;0;1;0;2.94812;1;0;0;0
0;0;38.9;80;44;0;0;1;0;0;0;1;0;0;0;1;0;0;0;0;1;0;1;0;0;0;0;0;1;0;0;0;1;0;0;1;0;0;1;0;7;0;0;1;0;1;0;0;0;0;54;6.5;0;0;1;2.94812;0;1;0;1
1;0;37.2;84;48;0;0;1;0;0;0;1;0;0;0;0;0;1;0;0;1;0;0;0;1;0;1;0;0;0;0;1;0;0;1;0;0;0;1;0;4.962319;0;1;0;0;1;0;0;0;0;73;5.5;0;1;0;4.1;0;1;0;0
1;0;38.6;46;30.52189;1;0;0;0;1;0;0;0;0;1;0;0;0;0;1;0;1;0;0;0;0;0;0;1;0;0;1;0;0;1;0;0;1;0;0;4.962319;0;0;0;1;0;1;0;0;0;49;9.1;1;0;0;1.6;1;0;0;0
0;0;37.4;84;36;1;0;0;0;1;0;0;0;0;0;1;0;0;0;0;1;0;0;1;0;0;0;0;1;0;0;1;0;0;0;1;0;1;0;0;4.962319;0;0;0;1;0;0;0;0;1;45.6568;24.77108;0;0;1;2.94812;0;1;0;1
1;0;38.13445;70.75731;30.52189;1;0;0;0;1;0;0;0;0;0;1;0;0;0;1;0;1;0;0;0;0;0;0;1;0;1;0;0;0;0;1;0;1;0;0;4.962319;0;1;0;0;0;1;0;0;0;43;7.7;0;1;0;2.94812;1;0;0;0
1;0;38.6;40;20;0;0;1;0;1;0;0;0;1;0;0;0;0;0;1;0;0;0;1;0;0;0;0;1;0;1;0;0;0;0;1;0;1;0;0;4.962319;0;0;0;1;0;0;0;0;1;41;6.4;0;1;0;2.94812;1;0;0;0
1;0;40.3;114;36;0;0;1;0;0;0;1;0;1;0;0;0;0;0;0;1;0;1;0;0;0;0;0;1;0;0;0;1;0;0;1;0;1;0;0;7;1;0;0;0;0;0;0;0;1;57;8.1;0;0;1;4.5;0;0;1;1
0;1;38.6;160;20;0;0;1;0;1;0;0;0;0;0;0;0;1;0;1;0;0;0;1;0;0;0;0;1;0;0;0;0;1;0;0;1;1;0;0;4.962319;0;0;0;1;0;0;0;0;1;38;24.77108;0;1;0;2.94812;0;1;0;1
0;0;38.13445;70.75731;30.52189;0;0;1;0;1;0;0;0;1;0;0;0;0;0;1;0;0;0;1;0;0;0;0;1;0;1;0;0;0;0;1;0;1;0;0;4.962319;0;0;0;1;0;0;0;0;1;24;6.7;0;1;0;2.94812;1;0;0;1
0;0;38.13445;64;36;0;1;0;0;1;0;0;0;0;1;0;0;0;0;1;0;0;0;0;0;1;0;0;1;0;0;0;1;0;0;1;0;0;1;0;4.962319;0;0;0;1;0;0;0;0;1;42;7.7;0;1;0;2.94812;0;1;0;1
0;0;38.13445;70.75731;20;0;0;0;1;0;0;1;0;0;0;1;0;0;0;1;0;0;0;0;0;1;0;0;0;1;0;0;1;0;0;1;0;1;0;0;4.962319;0;0;0;1;0;0;0;1;0;53;5.9;0;0;1;2.94812;0;1;0;1
1;0;38.13445;96;30.52189;0;0;1;0;0;0;1;0;0;0;1;0;0;0;0;1;0;0;0;0;1;0;0;0;1;0;0;0;1;1;0;0;0;1;0;4.962319;0;0;0;1;0;0;0;0;1;60;24.77108;0;1;0;2.94812;0;1;0;1
1;0;37.8;48;32;1;0;0;0;1;0;0;0;0;0;1;0;0;0;1;0;0;1;0;0;0;1;0;0;0;1;0;0;0;1;0;0;1;0;0;4.962319;0;0;0;1;0;0;0;0;1;37;6.7;0;1;0;2.94812;1;0;0;0
1;0;38.5;60;30.52189;0;1;0;0;0;1;0;0;1;0;0;0;0;0;1;0;1;0;0;0;0;0;1;0;0;0;1;0;0;0;1;0;1;0;0;4.962319;1;0;0;0;1;0;0;0;0;44;7.7;0;1;0;2.94812;1;0;0;0
0;0;37.8;88;22;0;1;0;0;1;0;0;0;0;1;0;0;0;0;1;0;0;0;1;0;0;0;0;1;0;1;0;0;0;0;1;0;1;0;0;4.962319;0;0;0;1;0;0;0;0;1;64;8;1;0;0;6;0;1;0;1
1;0;38.2;130;16;0;0;0;1;0;0;1;0;0;0;0;1;0;0;0;1;0;1;0;0;0;0;0;0;1;0;0;0;1;1;0;0;1;0;0;4.962319;0;0;0;1;0;0;0;0;1;65;82;0;1;0;2;0;0;1;0
0;0;39;64;36;0;0;1;0;1;0;0;0;0;0;0;1;0;0;0;1;0;0;1;0;0;0;0;1;0;0;1;0;0;1;0;0;0;1;0;7;0;0;0;1;0;0;0;0;1;44;7.5;0;0;1;5;1;0;0;1
0;0;38.13445;60;36;0;0;1;0;1;0;0;0;0;0;1;0;0;0;1;0;0;0;1;0;0;0;0;1;0;0;1;0;0;1;0;0;1;0;0;4.962319;0;0;1;0;0;0;0;1;0;26;72;0;1;0;1;1;0;0;1
1;0;37.9;72;30.52189;1;0;0;0;1;0;0;0;0;0;0;0;1;0;0;1;0;0;1;0;0;0;0;1;0;1;0;0;0;1;0;0;0;0;1;2;0;0;1;0;0;0;0;1;0;58;74;1;0;0;2;1;0;0;1
1;0;38.4;54;24;1;0;0;0;1;0;0;0;1;0;0;0;0;0;1;0;1;0;0;0;0;0;0;1;0;1;0;0;0;0;1;0;1;0;0;4.962319;0;0;1;0;0;1;0;0;0;49;7.2;1;0;0;2.94812;1;0;0;0
1;0;38.13445;52;16;1;0;0;0;1;0;0;0;0;0;1;0;0;0;1;0;0;0;1;0;0;0;0;1;0;1;0;0;0;0;1;0;0;0;1;5.5;0;0;0;1;0;0;0;0;1;55;7.2;0;1;0;2.94812;1;0;0;0
1;0;38;48;12;1;0;0;0;1;0;0;0;1;0;0;0;0;0;1;0;1;0;0;0;0;0;0;1;0;1;0;0;0;1;0;0;1;0;0;4.962319;0;0;1;0;0;1;0;0;0;42;6.3;0;1;0;4.1;1;0;0;0
1;0;37;60;20;0;0;1;0;1;0;0;0;1;0;0;0;0;0;1;0;0;0;1;0;0;0;0;1;0;0;0;1;0;0;1;0;0;1;0;4.5;0;0;0;1;0;0;0;1;0;43;7.6;0;1;0;2.94812;0;0;1;1
0;0;37.8;48;28;1;0;0;0;1;0;0;0;1;0;0;0;0;0;1;0;1;0;0;0;0;0;1;0;0;1;0;0;0;0;1;0;1;0;0;4.962319;1;0;0;0;1;0;0;0;0;46;5.9;0;1;0;7;1;0;0;0
0;0;37.7;56;30.52189;0;0;1;0;1;0;0;0;1;0;0;0;0;0;1;0;0;0;1;0;0;0;0;1;0;1;0;0;0;0;1;0;1;0;0;4.962319;0;0;0;1;0;0;0;0;1;45.6568;24.77108;0;1;0;2.94812;0;1;0;1
0;0;38.1;52;24;1;0;0;0;1;0;0;0;0;0;0;0;1;0;1;0;0;0;0;1;0;0;0;1;0;1;0;0;0;0;1;0;0;0;1;7;1;0;0;0;0;0;0;0;1;54;7.5;0;1;0;2.6;0;1;0;1
0;1;38.13445;70.75731;30.52189;0;0;1;0;1;0;0;0;1;0;0;0;0;0;1;0;0;0;1;0;0;0;0;1;0;1;0;0;0;0;1;0;1;0;0;4.962319;0;0;0;1;0;0;0;0;1;37;4.9;0;1;0;2.94812;0;1;0;1
0;1;39.7;100;30.52189;0;0;1;0;0;0;1;0;0;0;0;0;1;0;0;1;0;1;0;0;0;0;0;1;0;1;0;0;0;0;1;0;1;0;0;4.962319;0;0;0;1;0;0;0;0;1;48;57;0;1;0;2;0;0;1;1
0;0;37.6;38;20;0;0;1;0;0;0;1;0;1;0;0;0;0;0;1;0;0;0;1;0;0;0;0;1;0;0;1;0;0;0;1;0;1;0;0;4.962319;0;0;1;0;0;0;0;0;1;37;68;0;1;0;2.94812;1;0;0;1
1;0;38.7;52;20;0;1;0;0;1;0;0;0;1;0;0;0;0;0;1;0;1;0;0;0;0;1;0;0;0;1;0;0;0;1;0;0;1;0;0;4.962319;1;0;0;0;1;0;0;0;0;33;77;0;1;0;2.94812;1;0;0;0
0;0;38.13445;70.75731;30.52189;0;0;1;0;0;0;1;0;0;0;1;0;0;0;0;0;0;0;0;0;1;0;0;1;0;0;0;1;0;0;0;1;0;1;0;4.962319;0;0;0;1;0;0;0;0;1;46;5.9;0;1;0;2.94812;0;1;0;1
0;0;37.5;96;18;1;0;0;0;0;0;1;0;0;0;0;0;0;1;0;1;0;0;1;0;0;0;0;0;1;0;1;0;0;0;1;0;0;0;1;5;0;0;0;1;0;0;0;1;0;69;8.9;0;0;1;2.94812;1;0;0;1
0;0;36.4;98;35;0;0;1;0;0;0;1;0;0;0;0;1;0;0;1;0;0;0;0;1;0;0;0;1;0;0;1;0;0;0;1;0;1;0;0;4.962319;0;0;0;1;0;0;0;1;0;47;6.4;0;0;1;3.6;0;1;0;1
0;0;37.3;40;30.52189;0;0;1;0;0;0;1;0;1;0;0;0;0;0;1;0;0;1;0;0;0;0;0;1;0;0;1;0;0;0;0;1;1;0;0;4.962319;0;0;1;0;0;0;0;0;1;36;24.77108;0;0;1;2;1;0;0;1
0;1;38.1;100;80;0;0;1;0;1;0;0;0;0;1;0;0;0;0;1;0;0;0;1;0;0;0;0;0;1;1;0;0;0;0;1;0;1;0;0;4.962319;1;0;0;0;0;0;0;0;1;36;5.7;0;1;0;2.94812;1;0;0;1
0;0;38;70.75731;24;0;0;1;0;0;0;1;0;0;0;0;0;0;1;0;1;0;0;0;0;1;0;0;1;0;0;0;0;1;1;0;0;1;0;0;4.962319;0;0;0;1;0;0;0;0;1;68;7.8;0;1;0;2.94812;0;1;0;1
0;0;37.8;60;80;1;0;0;0;0;0;1;0;0;1;0;0;0;0;0;1;0;1;0;0;0;0;0;1;0;0;0;1;0;0;1;0;0;1;0;5.5;0;0;0;1;0;0;0;0;1;40;4.5;0;1;0;2.94812;1;0;0;1
1;0;38;54;30;0;1;0;0;0;0;1;0;0;0;1;0;0;0;0;0;0;0;1;0;0;1;0;0;0;0;1;0;0;0;1;0;0;1;0;4.962319;0;0;0;1;0;0;0;1;0;45;6.2;0;1;0;2.94812;1;0;0;0
0;0;38.13445;88;40;0;0;1;0;0;0;1;0;0;0;0;1;0;0;0;1;0;0;0;0;1;0;0;0;1;0;0;1;0;0;0;1;1;0;0;4.962319;0;0;0;1;0;0;0;0;1;50;7.7;0;0;1;1.4;0;1;0;1
1;0;38.13445;40;16;0;0;1;0;1;0;0;0;1;0;0;0;0;0;1;0;0;0;1;0;0;0;0;1;0;1;0;0;0;0;1;0;1;0;0;4.962319;0;0;0;1;0;0;0;0;1;50;7;0;1;0;3.9;0;0;1;1
1;0;39;64;40;1;0;0;0;1;0;0;0;0;0;0;0;1;0;1;0;0;0;1;0;0;0;0;1;0;0;1;0;0;0;1;0;1;0;0;4.962319;0;0;1;0;0;0;1;0;0;42;7.5;0;1;0;2.3;1;0;0;0
1;0;38.3;42;10;1;0;0;0;1;0;0;0;1;0;0;0;0;0;1;0;1;0;0;0;0;1;0;0;0;1;0;0;0;0;1;0;1;0;0;4.962319;0;0;0;1;0;0;0;0;1;38;61;0;1;0;2.94812;1;0;0;0
1;0;38;52;16;0;0;1;0;1;0;0;0;1;0;0;0;0;0;1;0;0;1;0;0;0;0;0;1;0;1;0;0;0;0;1;0;0;0;1;1;1;0;0;0;1;0;0;0;0;53;86;0;1;0;2.94812;1;0;0;1
1;0;40.3;114;36;0;0;1;0;0;0;1;0;1;0;0;0;0;0;0;1;0;1;0;0;0;0;0;1;0;0;0;1;0;0;1;0;1;0;0;7;1;0;0;0;0;0;0;0;1;57;8.1;0;0;1;4.5;0;1;0;1
1;0;38.8;50;20;0;0;1;0;1;0;0;0;1;0;0;0;0;0;1;0;1;0;0;0;0;1;0;0;0;1;0;0;0;0;1;0;1;0;0;4.962319;0;0;1;0;1;0;0;0;0;42;6.2;0;1;0;2.94812;1;0;0;0
1;0;38.13445;70.75731;30.52189;0;0;1;0;0;0;1;0;1;0;0;0;0;0;1;0;0;0;0;0;1;0;0;1;0;0;0;1;0;1;0;0;1;0;0;4.962319;0;0;0;1;0;0;0;0;1;38;6.5;0;1;0;2.94812;0;1;0;1
1;0;37.5;48;30;0;0;0;1;1;0;0;0;0;0;1;0;0;0;1;0;0;0;1;0;0;0;1;0;0;1;0;0;0;1;0;0;1;0;0;4.962319;1;0;0;0;1;0;0;0;0;48;8.6;0;1;0;2.94812;1;0;0;0
0;0;37.3;48;20;0;0;1;0;1;0;0;0;0;1;0;0;0;0;1;0;0;0;1;0;0;0;0;1;0;0;0;1;0;0;1;0;1;0;0;4.962319;0;0;1;0;0;0;0;0;1;41;69;0;1;0;2.94812;1;0;0;1
1;0;38.13445;84;36;0;0;1;0;1;0;0;0;0;0;1;0;0;0;1;0;0;0;1;0;0;0;0;1;0;1;0;0;0;0;1;0;1;0;0;4.962319;0;0;1;0;0;1;0;0;0;44;8.5;0;1;0;2.94812;1;0;0;1
0;0;38.1;88;32;0;0;1;0;0;0;1;0;0;0;0;1;0;0;1;0;0;1;0;0;0;0;0;1;0;0;0;1;0;0;1;0;0;0;1;1;0;0;0;1;0;0;0;0;1;55;60;0;1;0;2.94812;0;0;1;0
1;0;37.7;44;40;0;1;0;0;1;0;0;0;0;0;1;0;0;0;1;0;1;0;0;0;0;0;0;1;0;0;1;0;0;1;0;0;1;0;0;4.962319;1;0;0;0;0;0;0;0;1;41;60;0;1;0;2.94812;1;0;0;0
1;0;39.6;108;51;0;0;1;0;0;0;1;0;0;0;0;0;0;1;0;1;0;1;0;0;0;0;0;0;1;0;0;1;0;1;0;0;0;1;0;4.962319;0;0;1;0;0;0;0;0;1;59;8;0;1;0;2.6;1;0;0;0
0;0;38.2;40;16;0;0;1;0;0;0;1;0;1;0;0;0;0;0;1;0;1;0;0;0;0;0;0;1;0;1;0;0;0;0;1;0;1;0;0;4.962319;1;0;0;0;1;0;0;0;0;34;66;0;1;0;2.94812;1;0;0;0
0;0;38.13445;60;20;0;0;0;1;0;0;1;0;0;0;0;1;0;0;0;1;0;0;0;0;1;0;0;0;1;1;0;0;0;0;1;0;1;0;0;4.962319;0;0;0;1;0;0;0;0;1;45.6568;24.77108;0;1;0;2.94812;0;0;1;1
1;0;38.3;40;16;0;0;1;0;1;0;0;0;1;0;0;0;0;0;1;0;0;1;0;0;0;0;0;1;0;1;0;0;0;0;1;0;1;0;0;4.962319;0;0;0;1;0;0;0;0;1;37;57;0;1;0;2.94812;1;0;0;0
0;1;38;140;68;1;0;0;0;1;0;0;0;1;0;0;0;0;0;1;0;0;0;1;0;0;0;0;1;0;0;1;0;0;0;1;0;1;0;0;4.962319;0;1;0;0;1;0;0;0;0;39;5.3;0;1;0;2.94812;1;0;0;1
0;0;37.8;52;24;1;0;0;0;0;0;1;0;0;0;1;0;0;0;1;0;0;0;0;1;0;0;0;0;1;1;0;0;0;0;1;0;0;0;1;5.7;0;1;0;0;0;0;0;0;1;48;6.6;1;0;0;3.7;0;1;0;1
0;0;38.13445;70;36;1;0;0;0;1;0;0;0;0;0;1;0;0;0;0;1;0;1;0;0;0;0;0;1;0;0;1;0;0;0;1;0;1;0;0;4.962319;0;0;0;1;0;0;0;0;1;36;7.3;0;1;0;2.94812;1;0;0;1
0;0;38.3;52;96;0;0;1;0;0;0;1;0;0;0;1;0;0;0;1;0;0;0;1;0;0;0;0;1;0;1;0;0;0;1;0;0;1;0;0;4.962319;1;0;0;0;0;0;0;0;1;43;6.1;0;1;0;2.94812;1;0;0;1
1;0;37.3;50;32;1;0;0;0;1;0;0;0;0;0;1;0;0;0;1;0;1;0;0;0;0;0;0;1;0;0;1;0;0;0;1;0;1;0;0;4.962319;1;0;0;0;0;0;0;0;1;44;7;0;1;0;2.94812;1;0;0;0
0;0;38.7;60;32;0;0;0;1;0;0;1;0;0;1;0;0;0;0;0;1;0;0;0;1;0;0;0;0;1;0;0;0;1;0;1;0;1;0;0;4.962319;0;0;0;1;0;0;0;0;1;53;64;0;0;1;2;0;0;1;1
0;1;38.4;84;40;0;0;1;0;0;0;1;0;0;1;0;0;0;0;1;0;0;0;1;0;0;0;0;1;0;0;0;1;0;1;0;0;1;0;0;4.962319;0;0;0;1;0;0;0;0;1;36;6.6;0;1;0;2.8;0;1;0;1
0;0;38.13445;70;16;0;0;1;0;0;0;0;1;0;0;0;0;1;0;0;1;0;1;0;0;0;0;0;1;0;0;1;0;0;0;1;0;1;0;0;4.962319;0;0;0;1;0;0;0;0;1;60;7.5;0;1;0;2.94812;0;1;0;1
0;0;38.3;40;16;0;0;1;0;1;0;0;0;1;0;0;0;0;0;1;0;1;0;0;0;0;0;0;1;0;0;1;0;0;0;1;0;1;0;0;4.962319;0;0;0;1;0;0;0;0;1;38;58;1;0;0;2;1;0;0;1
0;0;38.13445;40;30.52189;0;1;0;0;1;0;0;0;1;0;0;0;0;0;1;0;1;0;0;0;0;0;0;1;0;1;0;0;0;1;0;0;1;0;0;4.962319;0;0;0;1;0;0;0;0;1;39;56;0;1;0;2.94812;1;0;0;1
0;0;36.8;60;28;0;0;1;0;1;0;0;0;1;0;0;0;0;0;1;0;0;0;1;0;0;0;0;1;0;1;0;0;0;0;1;0;1;0;0;4.962319;0;0;0;1;0;0;0;0;1;45.6568;24.77108;0;1;0;10;0;1;0;1
0;0;38.4;44;24;0;0;1;0;1;0;0;0;0;0;0;1;0;0;1;0;0;0;0;0;1;0;0;0;1;0;0;1;0;0;1;0;1;0;0;4.962319;0;0;0;1;0;0;0;0;1;50;77;0;1;0;2.94812;1;0;0;1
1;0;38.13445;70.75731;40;0;0;1;0;1;0;0;0;1;0;0;0;0;0;1;0;0;0;1;0;0;0;0;1;0;0;1;0;0;0;1;0;1;0;0;4.962319;0;0;0;1;0;0;0;0;1;45;70;0;1;0;2.94812;1;0;0;0
0;0;38;44;12;1;0;0;0;1;0;0;0;1;0;0;0;0;0;1;0;0;0;1;0;0;0;0;1;0;0;0;1;0;0;1;0;1;0;0;4.962319;0;0;0;1;0;0;0;0;1;42;65;0;1;0;2.94812;1;0;0;1
1;0;39.5;70.75731;30.52189;0;0;1;0;0;0;1;0;0;0;0;1;0;0;0;1;0;0;1;0;0;0;0;0;1;0;0;1;0;0;1;0;0;0;1;5.5;0;0;0;1;0;0;0;0;1;45.6568;6.7;1;0;0;2.94812;0;0;1;1
0;0;36.5;78;30;1;0;0;0;1;0;0;0;1;0;0;0;0;0;1;0;0;0;0;0;1;0;0;1;0;1;0;0;0;0;1;0;1;0;0;4.962319;0;0;0;1;0;0;0;0;1;34;75;0;1;0;1;1;0;0;1
1;0;38.1;56;20;0;1;0;0;1;0;0;0;0;1;0;0;0;0;1;0;1;0;0;0;0;0;0;1;0;1;0;0;0;1;0;0;1;0;0;4.962319;0;0;0;1;0;0;0;0;1;46;70;0;1;0;2.94812;1;0;0;0
0;0;39.4;54;66;1;0;0;0;1;0;0;0;0;1;0;0;0;0;1;0;0;1;0;0;0;0;0;1;0;0;1;0;0;1;0;0;1;0;0;4.962319;0;0;1;0;0;0;0;1;0;39;6;0;1;0;2.94812;1;0;0;1
0;0;38.3;80;40;0;0;1;0;1;0;0;0;0;0;0;0;0;1;0;1;0;0;0;1;0;0;0;1;0;1;0;0;0;0;1;0;0;1;0;4.962319;1;0;0;0;0;0;0;1;0;67;10.2;0;1;0;1;0;0;1;1
1;0;38.7;40;28;0;1;0;0;1;0;0;0;1;0;0;0;0;0;1;0;0;0;1;0;0;1;0;0;0;1;0;0;0;0;1;0;1;0;0;4.962319;1;0;0;0;0;0;0;0;1;39;62;1;0;0;1;1;0;0;0
0;0;38.2;64;24;1;0;0;0;1;0;0;0;0;0;1;0;0;0;1;0;0;0;0;1;0;0;0;0;1;0;0;1;0;0;1;0;1;0;0;4.962319;0;0;0;1;0;0;0;1;0;45;7.5;1;0;0;2;0;1;0;1
1;0;37.6;48;20;0;0;1;0;1;0;0;0;0;0;0;1;0;0;1;0;1;0;0;0;0;1;0;0;0;0;0;1;0;0;1;0;1;0;0;4.962319;1;0;0;0;1;0;0;0;0;37;5.5;0;1;0;2.94812;0;0;1;1
0;0;38;42;68;0;0;0;1;1;0;0;0;1;0;0;0;0;0;1;0;0;0;1;0;0;0;0;1;0;0;1;0;0;0;1;0;0;1;0;4.962319;0;0;0;1;0;0;0;1;0;41;7.6;0;1;0;2.94812;1;0;0;1
0;0;38.7;70.75731;30.52189;0;0;1;0;1;0;0;0;0;0;1;0;0;0;1;0;0;0;0;0;1;0;0;0;1;0;1;0;0;0;1;0;1;0;0;4.962319;0;0;0;1;0;0;0;0;1;33;6.5;0;1;0;2.94812;1;0;0;1
0;0;37.4;50;32;0;0;1;0;0;0;1;0;1;0;0;0;0;0;1;0;0;0;0;1;0;0;0;0;1;1;0;0;0;0;1;0;1;0;0;4.962319;1;0;0;0;0;0;0;0;1;45;7.9;0;1;0;1;1;0;0;1
0;0;37.4;84;20;0;0;1;0;1;0;0;0;0;0;1;0;0;0;1;0;0;1;0;0;0;0;0;1;0;0;0;1;0;0;1;0;1;0;0;4.962319;0;0;0;1;0;0;0;0;1;31;61;0;1;0;1;0;0;1;0
0;0;38.4;49;30.52189;0;0;1;0;1;0;0;0;1;0;0;0;0;0;1;0;0;0;1;0;0;0;0;1;0;1;0;0;0;0;1;0;1;0;0;4.962319;0;0;0;1;0;0;0;0;1;44;7.6;0;1;0;2.94812;1;0;0;1
0;0;37.8;30;12;0;0;1;0;1;0;0;0;1;0;0;0;0;0;1;0;0;0;1;0;0;0;0;1;0;1;0;0;0;0;1;0;1;0;0;4.962319;0;0;0;1;0;0;0;0;1;45.6568;24.77108;0;1;0;2.94812;0;1;0;1
1;0;37.6;88;36;0;0;1;0;1;0;0;0;1;0;0;0;0;0;1;0;0;0;1;0;0;0;0;1;0;0;1;0;0;1;0;0;0;0;1;1.5;0;0;0;1;0;0;0;0;1;44;6;0;1;0;2.94812;0;1;0;1
0;0;38;48;20;0;0;1;0;1;0;0;0;0;0;1;0;0;0;1;0;0;0;0;1;0;0;0;1;0;1;0;0;0;0;1;0;1;0;0;4.962319;0;0;1;0;0;0;0;0;1;43;73;0;1;0;1;1;0;0;1
1;0;37.9;40;24;1;0;0;0;1;0;0;0;1;0;0;0;0;0;1;0;0;1;0;0;0;0;0;1;0;1;0;0;0;0;1;0;1;0;0;4.962319;0;0;0;1;0;0;1;0;0;40;5.7;0;1;0;2.94812;1;0;0;1
0;0;38.13445;100;30.52189;0;0;1;0;1;0;0;0;0;0;0;1;0;0;0;1;0;0;0;0;1;0;0;0;1;1;0;0;0;0;1;0;1;0;0;4.962319;0;1;0;0;0;0;0;0;1;59;6.3;0;1;0;2.94812;0;1;0;1
0;1;38.1;136;48;0;0;1;0;0;0;1;0;0;0;1;0;0;0;1;0;0;0;0;0;1;1;0;0;0;0;0;1;0;0;1;0;0;1;0;4.4;0;1;0;0;0;0;0;0;1;33;4.9;0;1;0;2.9;0;1;0;1
0;0;38.13445;70.75731;30.52189;0;0;1;0;0;0;1;0;0;0;1;0;0;0;0;1;0;0;0;0;1;0;0;1;0;0;0;1;0;0;0;1;0;1;0;4.962319;0;0;0;1;0;0;0;0;1;46;5.9;0;1;0;2.94812;0;1;0;1
0;0;38;48;30.52189;1;0;0;0;1;0;0;0;1;0;0;0;0;0;1;0;1;0;0;0;0;0;1;0;0;0;0;0;1;0;1;0;0;1;0;4.962319;0;0;0;1;0;0;0;0;1;45.6568;24.77108;0;1;0;2.94812;1;0;0;1
1;0;38;56;30.52189;1;0;0;0;0;1;0;0;0;0;1;0;0;0;1;0;1;0;0;0;0;1;0;0;0;1;0;0;0;1;0;0;1;0;0;4.962319;1;0;0;0;1;0;0;0;0;42;71;0;1;0;2.94812;1;0;0;0
1;0;38;60;32;1;0;0;0;1;0;0;0;1;0;0;0;0;0;1;0;0;0;1;0;0;0;0;1;0;1;0;0;0;1;0;0;1;0;0;4.962319;0;0;0;1;0;0;0;0;1;50;7;1;0;0;1;1;0;0;0
0;0;38.1;44;9;0;0;1;0;1;0;0;0;1;0;0;0;0;0;1;0;0;1;0;0;0;0;1;0;0;1;0;0;0;1;0;0;1;0;0;4.962319;0;0;0;1;0;0;0;0;1;31;7.3;0;1;0;2.94812;1;0;0;0
1;0;36;42;30;0;0;1;0;1;0;0;0;0;0;0;0;1;0;1;0;0;0;1;0;0;0;0;1;0;1;0;0;0;0;1;0;1;0;0;4.962319;0;0;0;1;0;0;0;0;1;64;6.8;0;1;0;2.94812;0;1;0;0
0;0;38.13445;120;30.52189;0;0;0;1;0;0;1;0;0;0;0;0;0;1;0;1;0;0;0;0;1;0;0;0;1;0;0;0;1;0;1;0;1;0;0;4.962319;0;0;0;1;0;0;0;0;1;57;4.5;0;0;1;3.9;0;1;0;1
0;0;37.8;48;28;1;0;0;0;1;0;0;0;1;0;0;0;0;0;0;1;1;0;0;0;0;0;1;0;0;1;0;0;0;0;1;0;1;0;0;4.962319;1;0;0;0;1;0;0;0;0;46;5.9;0;1;0;7;1;0;0;0
0;0;37.1;84;40;0;0;1;0;0;0;1;0;0;0;0;0;0;1;1;0;0;1;0;0;0;0;0;0;1;0;0;0;1;0;0;1;0;1;0;2;0;0;0;1;0;0;0;0;1;75;81;0;1;0;2.94812;0;0;1;0
1;0;38.13445;80;32;0;0;1;0;0;0;1;0;0;1;0;0;0;0;1;0;0;1;0;0;0;0;0;1;0;0;0;1;0;0;1;0;1;0;0;4.962319;0;0;1;0;0;0;0;0;1;50;80;0;1;0;2.94812;1;0;0;1
0;0;38.2;48;30.52189;1;0;0;0;0;0;1;0;0;0;1;0;0;0;1;0;0;0;1;0;0;0;0;0;1;0;0;0;1;1;0;0;0;0;1;2;0;0;0;1;0;0;0;0;1;42;71;0;1;0;2.94812;1;0;0;1
1;0;38;44;12;0;1;0;0;1;0;0;0;0;0;1;0;0;0;1;0;0;0;1;0;0;0;0;0;1;0;0;1;0;1;0;0;0;1;0;6.5;1;0;0;0;0;0;0;1;0;33;6.5;0;1;0;2.94812;0;1;0;1
0;0;38.3;132;30.52189;0;0;1;0;0;0;1;0;0;0;0;0;0;1;0;1;0;1;0;0;0;0;0;0;1;0;1;0;0;0;1;0;0;0;1;6.2;0;0;0;1;0;0;0;1;0;57;8;0;1;0;5.2;1;0;0;1
1;0;38.7;48;24;0;0;1;0;1;0;0;0;1;0;0;0;0;0;1;0;1;0;0;0;0;1;0;0;0;1;0;0;0;1;0;0;1;0;0;4.962319;1;0;0;0;0;0;0;0;1;34;63;0;1;0;2.94812;1;0;0;0
1;0;38.9;44;14;0;0;1;0;1;0;0;0;1;0;0;0;0;0;1;0;0;1;0;0;0;0;0;1;0;0;1;0;0;0;1;0;1;0;0;4.962319;0;0;0;1;0;1;0;0;0;33;64;0;1;0;2.94812;1;0;0;0
0;0;39.3;70.75731;30.52189;0;0;0;1;0;0;1;0;0;0;0;0;0;1;0;1;0;0;0;1;0;0;0;0;1;0;1;0;0;1;0;0;0;0;1;4;0;0;0;1;0;0;0;1;0;75;24.77108;0;0;1;4.3;0;1;0;1
0;0;38.13445;100;30.52189;0;0;1;0;0;0;1;0;0;0;0;1;0;0;0;1;0;0;1;0;0;0;0;0;1;0;0;0;1;0;1;0;1;0;0;2;0;0;0;1;0;0;0;0;1;68;64;0;0;1;2;1;0;0;1
1;0;38.6;48;20;0;0;1;0;1;0;0;0;1;0;0;0;0;0;1;0;1;0;0;0;0;0;0;1;0;0;1;0;0;0;1;0;1;0;0;4.962319;0;0;1;0;0;1;0;0;0;50;7.3;1;0;0;2.94812;1;0;0;0
1;0;38.8;48;40;1;0;0;0;1;0;0;0;0;0;1;0;0;0;1;0;0;0;1;0;0;0;0;1;0;0;0;0;1;0;1;0;1;0;0;4.962319;0;0;0;1;0;0;0;0;1;41;65;0;1;0;2.94812;1;0;0;1
1;0;38;48;20;0;0;1;0;0;0;1;0;0;0;0;1;0;0;1;0;1;0;0;0;0;0;0;0;1;0;1;0;0;0;1;0;1;0;0;5;0;0;0;1;0;1;0;0;0;49;8.3;1;0;0;2.94812;1;0;0;0
1;0;38.6;52;20;1;0;0;0;1;0;0;0;1;0;0;0;0;0;1;0;0;0;1;0;0;0;0;1;0;0;1;0;0;1;0;0;1;0;0;4.962319;1;0;0;0;0;0;1;0;0;36;6.6;1;0;0;5;1;0;0;0
0;0;37.8;60;24;1;0;0;0;1;0;0;0;0;0;1;0;0;0;0;1;0;0;1;0;0;0;0;0;1;0;0;0;1;0;1;0;0;0;1;2;0;0;0;1;0;0;0;0;1;52;75;0;1;0;2.94812;0;0;1;1
1;0;38;42;40;0;0;1;0;1;0;0;0;1;0;0;0;0;0;1;0;0;0;1;0;0;0;0;1;0;1;0;0;0;0;1;0;1;0;0;4.962319;0;0;0;1;0;0;0;0;1;45.6568;24.77108;0;1;0;2.94812;1;0;0;0
1;0;38.13445;70.75731;12;1;0;0;0;1;0;0;0;0;1;0;0;0;0;1;0;0;1;0;0;0;1;0;0;0;0;1;0;0;0;0;1;1;0;0;4.962319;1;0;0;0;0;0;1;0;0;44;7.5;0;1;0;2.94812;1;0;0;0
0;0;38.13445;70.75731;30.52189;0;0;1;0;1;0;0;0;1;0;0;0;0;0;1;0;0;0;0;1;0;0;0;1;0;1;0;0;0;1;0;0;1;0;0;4.962319;0;0;0;1;0;0;0;0;1;35;58;0;1;0;1;1;0;0;1
0;0;38.3;42;24;0;0;1;0;1;0;0;0;1;0;0;0;0;0;1;0;0;0;1;0;0;0;0;1;0;1;0;0;0;0;1;0;1;0;0;4.962319;0;0;0;1;0;0;0;0;1;40;8.5;0;1;0;2.94812;0;1;0;1
1;0;39.5;60;10;0;0;1;0;1;0;0;0;1;0;0;0;0;0;0;1;0;0;1;0;0;0;0;1;0;0;1;0;0;0;1;0;1;0;0;4.962319;0;0;1;0;0;0;0;0;1;38;56;1;0;0;2.94812;1;0;0;0
0;0;38;66;20;1;0;0;0;0;0;1;0;0;0;1;0;0;0;1;0;0;0;0;0;1;0;0;1;0;1;0;0;0;1;0;0;1;0;0;4.962319;0;0;1;0;0;0;0;0;1;46;46;0;0;1;2;0;0;1;1
0;0;38.7;76;30.52189;1;0;0;0;1;0;0;0;0;0;0;0;1;0;0;1;0;0;1;0;0;0;0;1;0;0;1;0;0;0;1;0;0;1;0;4.962319;0;0;0;1;0;0;0;1;0;50;8;0;1;0;2.94812;1;0;0;1
0;0;39.4;120;48;0;0;1;0;1;0;0;0;0;0;0;0;1;0;1;0;0;0;1;0;0;0;0;1;0;0;0;1;0;1;0;0;1;0;0;4.962319;0;0;0;1;0;0;0;0;1;56;64;1;0;0;2;0;0;1;0
0;0;38.3;40;18;1;0;0;0;1;0;0;0;1;0;0;0;0;0;1;0;0;0;1;0;0;1;0;0;0;1;0;0;0;0;1;0;1;0;0;4.962319;0;1;0;0;1;0;0;0;0;43;5.9;1;0;0;2.94812;1;0;0;0
1;0;38.13445;44;24;1;0;0;0;1;0;0;0;1;0;0;0;0;0;1;0;0;0;1;0;0;0;0;1;0;1;0;0;0;0;1;0;1;0;0;4.962319;0;0;0;1;1;0;0;0;0;45.6568;6.3;0;1;0;2.94812;1;0;0;0
0;0;38.4;104;40;1;0;0;0;1;0;0;0;0;0;1;0;0;0;1;0;0;1;0;0;0;0;0;0;1;0;1;0;0;0;1;0;0;0;1;6.5;0;0;0;1;0;0;0;1;0;55;8.5;0;1;0;2.94812;1;0;0;1
0;0;38.13445;65;24;0;0;1;0;1;0;0;0;1;0;0;0;0;0;0;1;0;0;0;0;1;0;0;1;0;0;0;0;1;0;0;1;1;0;0;4.962319;0;0;0;1;0;0;0;0;1;45.6568;24.77108;0;1;0;2.94812;0;0;1;1
1;0;37.5;44;20;1;0;0;0;1;0;0;0;0;0;1;0;0;0;1;0;0;0;1;0;0;1;0;0;0;1;0;0;0;0;1;0;1;0;0;4.962319;1;0;0;0;0;0;0;0;1;35;7.2;0;1;0;2.94812;1;0;0;0
1;0;39;86;16;0;0;1;0;0;0;1;0;0;0;0;0;1;0;1;0;0;0;1;0;0;0;0;1;0;0;0;1;0;0;1;0;0;1;0;4.962319;0;0;0;1;0;0;0;0;1;68;5.8;0;0;1;6;0;1;0;1
0;0;38.5;129;48;0;0;1;0;0;0;1;0;0;0;1;0;0;0;1;0;0;1;0;0;0;0;0;0;1;0;0;1;0;1;0;0;0;0;1;2;0;0;0;1;0;0;0;0;1;57;66;0;0;1;2;1;0;0;1
0;0;38.13445;104;30.52189;0;0;1;0;0;0;1;0;0;0;0;0;1;0;0;1;0;1;0;0;0;0;0;0;1;0;0;1;0;0;1;0;0;0;1;4.962319;0;0;0;1;0;0;0;1;0;69;8.6;0;1;0;3.4;0;1;0;1
1;0;38.13445;70.75731;30.52189;0;0;1;0;0;0;0;1;0;0;0;0;0;1;1;0;0;0;0;1;0;0;0;1;0;0;0;0;1;0;1;0;1;0;0;4.962319;0;0;0;1;0;0;0;0;1;45.6568;24.77108;0;1;0;2.94812;0;1;0;1
0;0;38.13445;70.75731;30.52189;0;0;1;0;1;0;0;0;1;0;0;0;0;0;1;0;0;0;1;0;0;0;0;1;0;1;0;0;0;0;1;0;1;0;0;4.962319;0;0;0;1;0;0;0;0;1;45.6568;24.77108;0;1;0;2.94812;1;0;0;1
0;0;38.2;60;30;1;0;0;0;1;0;0;0;0;0;1;0;0;0;1;0;0;0;1;0;0;0;0;1;0;1;0;0;0;0;1;0;1;0;0;4.962319;0;0;1;0;0;1;0;0;0;48;66;0;1;0;2.94812;1;0;0;1
0;0;38.13445;68;14;0;0;1;0;1;0;0;0;0;0;0;1;0;0;1;0;0;0;0;1;0;0;0;1;0;1;0;0;0;0;1;0;1;0;0;4.3;0;0;0;1;0;0;0;0;1;45.6568;24.77108;0;1;0;2.8;0;1;0;1
0;0;38.13445;60;30;0;0;1;0;0;0;1;0;0;0;0;1;0;0;0;1;0;0;0;0;1;0;0;0;1;0;0;0;1;1;0;0;1;0;0;4.962319;0;0;0;1;0;0;0;0;1;45;70;0;0;1;2;1;0;0;1
1;0;38.5;100;30.52189;0;0;1;0;0;0;1;0;0;0;0;0;1;0;0;1;0;0;0;1;0;0;0;1;0;0;0;0;1;0;1;0;1;0;0;4.962319;0;0;0;1;0;0;0;0;1;45.6568;24.77108;0;1;0;2.94812;0;0;1;0
0;0;38.4;84;30;0;0;1;0;1;0;0;0;0;0;0;0;1;0;0;1;0;0;0;1;0;0;0;1;0;0;0;1;0;0;1;0;0;0;1;6.5;0;0;0;1;0;0;0;1;0;47;7.5;0;0;1;2.94812;0;1;0;1
1;0;37.8;48;14;0;0;1;0;1;0;0;0;1;0;0;0;0;0;1;0;0;0;1;0;0;0;0;1;0;0;1;0;0;1;0;0;0;0;1;5.3;1;0;0;0;0;0;0;0;1;35;7.5;0;1;0;2.94812;1;0;0;0
1;0;37.8;56;16;1;0;0;0;1;0;0;0;0;1;0;0;0;0;1;0;0;1;0;0;0;1;0;0;0;1;0;0;0;0;1;0;1;0;0;4.962319;1;0;0;0;0;0;0;0;1;44;68;1;0;0;1;1;0;0;0
1;0;38.2;68;32;0;1;0;0;0;1;0;0;0;1;0;0;0;0;1;0;1;0;0;0;0;1;0;0;0;1;0;0;0;0;0;1;1;0;0;4.962319;1;0;0;0;1;0;0;0;0;43;65;0;1;0;2.94812;1;0;0;0
0;0;38.5;120;60;0;0;0;1;0;0;1;0;0;0;0;0;0;1;0;1;0;0;1;0;0;0;0;1;0;1;0;0;0;0;1;0;1;0;0;4.962319;0;0;0;1;0;0;0;0;1;54;24.77108;0;1;0;2.94812;1;0;0;1
0;0;39.3;64;90;0;1;0;0;0;0;1;0;1;0;0;0;0;0;1;0;0;0;1;0;0;0;0;1;0;1;0;0;0;1;0;0;0;1;0;4.962319;0;0;0;1;0;0;0;0;1;39;6.7;0;1;0;2.94812;1;0;0;1
0;0;38.4;80;30;0;0;0;1;0;0;1;0;1;0;0;0;0;0;1;0;0;0;1;0;0;0;0;1;0;0;0;1;0;0;0;1;0;0;1;4.962319;0;0;0;1;0;0;0;0;1;32;6.1;0;0;1;4.3;1;0;0;1
0;0;38.5;60;30.52189;1;0;0;0;1;0;0;0;1;0;0;0;0;0;1;0;0;0;1;0;0;1;0;0;0;1;0;0;0;0;1;0;1;0;0;4.962319;0;0;0;1;0;0;0;0;1;33;53;1;0;0;2.94812;1;0;0;1
0;0;38.3;60;16;0;0;1;0;1;0;0;0;1;0;0;0;0;0;1;0;0;1;0;0;0;1;0;0;0;1;0;0;0;0;1;0;0;1;0;3;1;0;0;0;0;0;0;1;0;30;6;1;0;0;3;1;0;0;1
0;0;37.1;40;8;0;0;1;0;1;0;0;0;0;0;0;1;0;0;1;0;0;0;1;0;0;0;0;1;0;1;0;0;0;1;0;0;1;0;0;4.962319;0;0;1;0;0;0;1;0;0;23;6.7;0;0;1;2.94812;1;0;0;1
1;1;38.13445;100;44;0;1;0;0;1;0;0;0;1;0;0;0;0;0;1;0;0;0;0;1;0;1;0;0;0;1;0;0;0;0;1;0;1;0;0;4.962319;1;0;0;0;0;0;0;0;1;37;4.7;0;1;0;2.94812;1;0;0;0
0;0;38.2;48;18;1;0;0;0;1;0;0;0;1;0;0;0;0;0;1;0;0;0;1;0;0;0;0;1;0;0;0;1;0;1;0;0;0;1;0;4.962319;0;0;0;1;0;0;0;0;1;48;74;1;0;0;2;1;0;0;1
0;0;38.13445;60;48;0;0;1;0;0;0;1;0;0;0;0;1;0;0;0;1;0;0;0;1;0;0;0;1;0;0;0;0;1;0;1;0;1;0;0;4.962319;0;0;0;1;0;0;0;0;1;58;7.6;0;1;0;2.94812;0;1;0;1
1;0;37.9;88;24;1;0;0;0;1;0;0;0;0;1;0;0;0;0;1;0;0;1;0;0;0;0;1;0;0;1;0;0;0;0;1;0;1;0;0;4.962319;0;0;0;1;1;0;0;0;0;37;56;0;1;0;2.94812;1;0;0;0
1;0;38;44;12;0;0;1;0;1;0;0;0;1;0;0;0;0;0;1;0;0;0;1;0;0;1;0;0;0;0;1;0;0;0;1;0;1;0;0;4.962319;1;0;0;0;0;0;0;0;1;42;64;0;1;0;2.94812;1;0;0;0
1;0;38.5;60;20;1;0;0;0;1;0;0;0;0;0;0;0;1;0;0;1;0;1;0;0;0;0;1;0;0;1;0;0;0;0;1;0;1;0;0;4.962319;0;1;0;0;0;0;1;0;0;63;7.5;0;1;0;2.3;0;0;1;0
1;0;38.5;96;36;0;0;1;0;0;0;1;0;1;0;0;0;0;0;0;1;0;1;0;0;0;0;0;0;1;0;1;0;0;1;0;0;0;1;0;4.962319;0;0;0;1;0;0;0;0;1;70;8.5;0;1;0;2.94812;0;1;0;1
1;0;38.3;60;20;1;0;0;0;1;0;0;0;1;0;0;0;0;0;0;1;1;0;0;0;0;0;0;1;0;1;0;0;0;0;1;0;1;0;0;4.962319;0;0;1;0;0;0;0;0;1;34;66;0;1;0;2.94812;1;0;0;0
1;0;38.5;60;40;0;0;1;0;1;0;0;0;0;1;0;0;0;0;1;0;0;1;0;0;0;1;0;0;0;0;1;0;0;0;1;0;1;0;0;4.962319;0;0;1;0;0;1;0;0;0;49;59;0;1;0;2.94812;1;0;0;0
0;0;37.3;48;12;1;0;0;0;1;0;0;0;0;0;1;0;0;0;1;0;0;0;1;0;0;1;0;0;0;0;0;1;0;0;1;0;1;0;0;4.962319;0;0;1;0;0;0;1;0;0;40;6.6;0;1;0;2.94812;1;0;0;1
0;0;38.5;86;30.52189;1;0;0;0;1;0;0;0;0;0;1;0;0;0;1;0;0;0;0;1;0;0;0;0;1;0;0;1;0;0;1;0;1;0;0;4.962319;0;0;1;0;0;0;0;0;1;45;7.4;1;0;0;3.4;0;1;0;1
0;0;37.5;48;40;0;0;1;0;1;0;0;0;1;0;0;0;0;0;1;0;0;0;1;0;0;0;0;1;0;1;0;0;0;1;0;0;1;0;0;4.962319;0;0;0;1;0;0;0;0;1;41;55;0;0;1;2;0;0;1;1
1;0;37.2;36;9;1;0;0;0;1;0;0;0;1;0;0;0;0;0;1;0;0;1;0;0;0;0;0;1;0;1;0;0;0;0;1;0;1;0;0;4.962319;0;0;0;1;1;0;0;0;0;35;5.7;0;1;0;2.94812;1;0;0;0
0;0;39.2;70.75731;23;0;0;1;0;1;0;0;0;0;0;1;0;0;0;1;0;0;0;0;1;0;0;0;0;1;0;1;0;0;0;1;0;1;0;0;4.962319;0;0;0;1;0;0;0;0;1;36;6.6;1;0;0;3;1;0;0;1
0;0;38.5;96;30;0;1;0;0;0;0;1;0;0;0;0;1;0;0;0;1;0;0;0;1;0;0;0;0;1;0;0;1;0;0;1;0;1;0;0;4.962319;0;0;1;0;0;0;0;0;1;50;65;0;1;0;2.94812;1;0;0;1
0;0;38.13445;70.75731;30.52189;0;0;1;0;1;0;0;0;1;0;0;0;0;0;1;0;0;0;1;0;0;0;0;1;0;1;0;0;0;0;1;0;1;0;0;4.962319;0;0;0;1;0;0;0;0;1;45;8.7;0;1;0;2.94812;0;1;0;1
0;0;37.8;88;80;0;0;1;0;0;0;1;0;0;0;0;0;1;0;0;1;0;0;1;0;0;0;0;1;0;0;0;1;0;0;1;0;0;0;1;4.962319;0;0;0;1;0;0;0;0;1;64;89;0;1;0;2.94812;0;0;1;1
1;0;37.5;44;10;0;0;1;0;1;0;0;0;1;0;0;0;0;0;1;0;0;0;1;0;0;1;0;0;0;0;1;0;0;0;1;0;1;0;0;4.962319;0;0;1;0;0;0;1;0;0;43;51;1;0;0;1;1;0;0;0
0;0;37.9;68;20;0;0;1;0;1;0;0;0;0;1;0;0;0;0;1;0;0;1;0;0;0;0;0;0;1;0;1;0;0;0;1;0;1;0;0;4.962319;1;0;0;0;0;0;0;0;1;45;4;0;0;1;2.8;0;1;0;1
0;0;38;86;24;0;0;0;1;0;0;1;0;0;0;0;1;0;0;1;0;0;1;0;0;0;0;0;0;1;0;0;0;1;1;0;0;1;0;0;4.962319;0;0;0;1;0;0;0;0;1;45;5.5;1;0;0;10.1;0;1;0;1
0;1;38.9;120;30;1;0;0;0;0;0;1;0;0;1;0;0;0;0;0;1;0;0;1;0;0;0;0;1;0;0;0;1;0;0;0;1;1;0;0;3;0;0;0;1;0;0;0;0;1;47;6.3;1;0;0;2.94812;1;0;0;0
0;0;37.6;45;12;0;0;1;0;1;0;0;0;0;0;1;0;0;0;1;0;0;0;1;0;0;0;1;0;0;0;1;0;0;0;1;0;1;0;0;4.962319;1;0;0;0;0;0;0;1;0;39;7;0;1;0;1.5;1;0;0;1
1;0;38.6;56;32;0;1;0;0;1;0;0;0;1;0;0;0;0;0;1;0;1;0;0;0;0;1;0;0;0;1;0;0;0;0;1;0;1;0;0;4.962319;0;1;0;0;0;0;0;0;1;40;7;0;1;0;2.1;1;0;0;0
0;0;37.8;40;12;1;0;0;0;1;0;0;0;1;0;0;0;0;0;1;0;1;0;0;0;0;0;1;0;0;1;0;0;0;0;1;0;1;0;0;4.962319;1;0;0;0;0;1;0;0;0;38;7;0;1;0;2.94812;1;0;0;1
1;0;38.13445;70.75731;30.52189;0;0;1;0;1;0;0;0;1;0;0;0;0;0;1;0;0;0;1;0;0;0;0;1;0;1;0;0;0;0;1;0;1;0;0;4.962319;0;0;0;1;0;0;0;0;1;45.6568;24.77108;0;1;0;2.94812;1;0;0;0
0;0;38;76;18;0;0;1;0;1;0;0;0;1;0;0;0;0;0;0;1;0;0;1;0;0;0;0;1;0;1;0;0;0;0;1;0;1;0;0;4.962319;0;0;0;1;0;0;0;0;1;71;11;0;1;0;2.94812;1;0;0;1
0;0;38.1;40;36;1;0;0;0;0;1;0;0;0;1;0;0;0;0;1;0;0;1;0;0;0;0;1;0;0;1;0;0;0;0;1;0;1;0;0;4.962319;0;0;0;1;0;0;0;0;1;45.6568;24.77108;0;1;0;2.94812;0;0;1;1
0;0;38.13445;52;28;0;0;1;0;0;0;1;0;0;0;0;1;0;0;1;0;0;0;1;0;0;0;0;0;1;0;0;1;0;0;1;0;1;0;0;4.962319;0;0;0;1;0;0;0;1;0;37;8.1;0;1;0;2.94812;1;0;0;1
0;0;39.2;88;58;0;0;0;1;0;0;0;1;1;0;0;0;0;0;0;1;0;0;0;0;1;0;0;0;1;1;0;0;0;0;1;0;1;0;0;4.962319;0;0;0;1;0;0;0;0;1;45.6568;24.77108;0;1;0;2;0;0;1;0
0;0;38.5;92;40;0;0;0;1;0;0;1;0;1;0;0;0;0;0;1;0;0;1;0;0;0;0;0;0;1;0;0;1;0;0;1;0;1;0;0;4.962319;0;0;0;1;0;0;0;0;1;46;67;0;1;0;2;1;0;0;1
0;0;38.13445;112;13;0;0;0;1;0;0;0;1;0;0;0;1;0;0;1;0;0;1;0;0;0;0;0;1;0;1;0;0;0;0;1;0;1;0;0;4.5;0;0;0;1;0;0;0;1;0;60;6.3;0;0;1;2.94812;1;0;0;1
0;0;37.7;66;12;1;0;0;0;1;0;0;0;0;0;1;0;0;0;1;0;0;0;1;0;0;0;0;1;0;0;1;0;0;0;1;0;1;0;0;4.962319;0;0;0;1;0;0;0;1;0;31.5;6.2;0;1;0;1.6;1;0;0;1
0;0;38.8;50;14;1;0;0;0;1;0;0;0;1;0;0;0;0;0;1;0;0;0;1;0;0;1;0;0;0;1;0;0;0;1;0;0;1;0;0;4.962319;0;0;1;0;0;0;0;0;1;38;58;0;1;0;2.94812;1;0;0;1
1;0;38.4;54;24;1;0;0;0;1;0;0;0;1;0;0;0;0;0;1;0;1;0;0;0;0;0;0;1;0;1;0;0;0;0;1;0;1;0;0;4.962319;0;0;1;0;0;1;0;0;0;49;7.2;1;0;0;8;1;0;0;0
0;0;39.2;120;20;0;0;0;1;0;0;1;0;0;0;0;0;1;0;0;1;0;1;0;0;0;0;0;1;0;0;0;1;0;1;0;0;0;0;1;4.962319;0;0;0;1;0;0;0;1;0;60;8.8;0;0;1;2.94812;0;1;0;1
0;1;38.13445;70.75731;30.52189;0;0;1;0;1;0;0;0;1;0;0;0;0;0;1;0;0;0;1;0;0;0;0;1;0;1;0;0;0;0;1;0;1;0;0;4.962319;0;0;0;1;0;0;0;0;1;45;6.5;0;1;0;2.94812;1;0;0;1
0;0;37.3;90;40;0;0;1;0;1;0;0;0;0;0;0;0;0;1;0;1;0;0;0;0;1;0;0;0;1;0;0;1;0;0;1;0;0;1;0;4.962319;1;0;0;0;0;0;0;0;1;65;50;0;0;1;2;0;0;1;1
0;1;38.5;120;70;0;0;1;0;1;0;0;0;1;0;0;0;0;0;1;0;0;0;1;0;0;1;0;0;0;1;0;0;0;0;1;0;1;0;0;4.962319;1;0;0;0;0;0;0;0;1;35;54;1;0;0;1;1;0;0;1
0;0;38.5;104;40;0;0;1;0;0;0;1;0;1;0;0;0;0;0;1;0;0;0;0;1;0;0;0;1;0;0;0;0;1;0;1;0;1;0;0;4.962319;0;0;0;1;0;0;0;0;1;45.6568;24.77108;0;1;0;2.94812;1;0;0;1
1;0;39.5;92;28;0;0;1;0;0;0;1;0;0;0;0;0;0;1;1;0;0;0;0;0;1;0;0;0;1;1;0;0;0;0;1;0;0;0;1;4.962319;0;0;0;1;0;0;0;0;1;72;6.4;0;1;0;3.6;0;1;0;0
0;0;38.5;30;18;0;0;1;0;1;0;0;0;1;0;0;0;0;0;1;0;0;0;1;0;0;0;0;1;0;1;0;0;0;0;1;0;1;0;0;4.962319;0;0;0;1;0;0;0;0;1;40;7.7;0;1;0;2.94812;1;0;0;1
1;0;38.2;42;26;1;0;0;0;1;0;0;0;1;0;0;0;0;0;1;0;0;0;1;0;0;1;0;0;0;0;1;0;0;0;1;0;1;0;0;4.962319;1;0;0;0;0;0;0;0;1;36;6.9;0;1;0;2.94812;1;0;0;0
1;0;37.9;54;42;0;1;0;0;1;0;0;0;0;0;0;0;1;0;1;0;0;0;1;0;0;1;0;0;0;1;0;0;0;0;1;0;1;0;0;4.962319;0;0;0;1;0;1;0;0;0;47;54;0;0;1;1;1;0;0;0
1;0;36.1;88;30.52189;0;0;1;0;0;0;1;0;0;0;1;0;0;0;1;0;0;0;1;0;0;0;0;1;0;0;1;0;0;0;1;0;0;0;1;4.962319;0;0;0;1;0;0;0;1;0;45;7;0;0;1;4.8;0;0;1;1
0;0;38.1;70;22;0;0;1;0;1;0;0;0;1;0;0;0;0;0;1;0;0;0;0;0;1;0;0;1;0;1;0;0;0;0;1;0;1;0;0;4.962319;0;0;0;1;0;0;0;0;1;36;65;0;1;0;2.94812;0;0;1;1
0;0;38;90;30;0;0;0;1;0;0;1;0;0;0;0;1;0;0;0;1;0;0;0;0;1;0;0;0;1;0;0;0;1;0;1;0;1;0;0;4.962319;0;0;0;1;0;0;0;0;1;55;6.1;0;1;0;2.94812;0;1;0;1
0;0;38.2;52;16;1;0;0;0;1;0;0;0;0;1;0;0;0;0;1;0;1;0;0;0;0;0;1;0;0;1;0;0;0;1;0;0;1;0;0;4.962319;1;0;0;0;0;0;0;0;1;43;8.1;0;1;0;2.94812;1;0;0;0
0;0;38.13445;36;32;1;0;0;0;1;0;0;0;0;0;0;1;0;0;1;0;0;0;0;0;1;0;0;1;0;0;0;1;0;0;1;0;0;0;1;4;0;0;0;1;0;0;0;1;0;41;5.9;0;1;0;2.94812;0;1;0;1
0;0;38.4;92;20;1;0;0;0;1;0;0;0;1;0;0;0;0;0;0;1;0;0;1;0;0;0;0;1;0;0;0;1;0;0;1;0;1;0;0;4.962319;1;0;0;0;0;0;0;0;1;45.6568;24.77108;0;1;0;2.94812;1;0;0;1
0;1;38.2;124;88;1;0;0;0;0;0;1;0;0;1;0;0;0;0;1;0;0;1;0;0;0;0;0;1;0;0;0;0;1;0;1;0;1;0;0;4.962319;0;0;0;1;0;0;0;0;1;47;8;1;0;0;2.94812;1;0;0;1
1;0;38.13445;96;30.52189;0;0;1;0;0;0;1;0;0;0;1;0;0;0;0;1;0;0;0;0;1;0;0;0;1;0;0;0;1;0;1;0;1;0;0;4.962319;0;0;0;1;0;0;0;0;1;60;24.77108;0;1;0;2.94812;0;1;0;1
0;0;37.6;68;32;0;0;1;0;1;0;0;0;0;0;1;0;0;0;1;0;0;0;0;1;0;0;1;0;0;0;0;0;1;0;1;0;0;1;0;6.5;1;0;0;0;0;0;0;0;1;47;7.2;1;0;0;2.94812;1;0;0;1
0;0;38.1;88;24;0;0;1;0;0;0;1;0;0;0;0;1;0;0;1;0;0;0;0;0;1;0;0;0;1;0;0;1;0;0;1;0;1;0;0;4.962319;0;0;1;0;0;0;0;1;0;41;4.6;0;1;0;2.94812;0;1;0;1
0;0;38;108;60;0;1;0;0;0;0;1;0;0;0;0;1;0;0;1;0;0;0;0;1;0;0;0;1;0;0;0;1;0;0;1;0;1;0;0;4.962319;0;0;1;0;0;0;0;1;0;45.6568;24.77108;0;0;1;2.94812;1;0;0;1
1;0;38.2;48;30.52189;0;1;0;0;1;0;0;0;1;0;0;0;0;0;0;1;0;0;1;0;0;0;0;1;0;1;0;0;0;0;1;0;1;0;0;4.962319;0;0;0;1;0;1;0;0;0;34;6.6;0;1;0;2.94812;1;0;0;0
0;0;39.3;100;51;0;0;0;1;0;0;0;1;0;0;0;0;0;1;1;0;0;1;0;0;0;0;0;0;1;1;0;0;0;1;0;0;0;0;1;2;0;0;0;1;0;0;0;1;0;66;13;0;0;1;2;0;0;1;1
1;0;36.6;42;18;0;0;1;0;0;0;1;0;0;1;0;0;0;0;1;0;1;0;0;0;0;0;0;0;1;1;0;0;0;1;0;0;1;0;0;4.962319;0;0;0;1;0;0;0;0;1;52;7.1;0;1;0;2.94812;0;1;0;1
0;1;38.8;124;36;0;0;1;0;1;0;0;0;0;1;0;0;0;0;1;0;0;1;0;0;0;0;0;1;0;0;0;0;1;1;0;0;1;0;0;4.962319;0;0;0;1;0;0;0;1;0;50;7.6;0;0;1;2.94812;0;1;0;1
1;0;38.13445;112;24;0;0;1;0;0;0;1;0;0;0;0;1;0;0;0;1;0;0;0;0;1;0;0;0;1;0;1;0;0;0;1;0;1;0;0;4.962319;0;0;0;1;0;0;0;0;1;40;5.3;0;0;1;2.6;1;0;0;0
0;0;38.13445;80;30.52189;0;0;1;0;0;0;1;0;0;0;1;0;0;0;1;0;0;0;0;1;0;0;0;0;1;0;0;0;1;0;1;0;1;0;0;4.962319;0;0;0;1;0;0;0;0;1;43;70;0;1;0;2.94812;1;0;0;1
0;1;38.8;184;84;1;0;0;0;1;0;0;0;1;0;0;0;0;0;1;0;0;0;0;1;0;1;0;0;0;0;0;1;0;0;1;0;1;0;0;4.962319;0;1;0;0;0;0;0;0;1;33;3.3;0;1;0;2.94812;0;1;0;1
0;0;37.5;72;30.52189;0;1;0;0;1;0;0;0;1;0;0;0;0;0;1;0;0;1;0;0;0;1;0;0;0;1;0;0;0;1;0;0;1;0;0;4.962319;1;0;0;0;0;0;0;0;1;35;65;0;1;0;2;0;0;1;1
0;0;38.7;96;28;0;0;1;0;0;0;1;0;0;0;0;1;0;0;1;0;0;0;1;0;0;0;0;0;1;1;0;0;0;0;1;0;0;0;1;7.5;0;0;0;1;0;0;0;0;1;64;9;0;1;0;2.94812;0;1;0;1
1;0;37.5;52;12;1;0;0;0;1;0;0;0;1;0;0;0;0;0;1;0;0;1;0;0;0;0;0;1;0;0;1;0;0;0;1;0;1;0;0;4.962319;0;0;1;0;0;0;0;0;1;36;61;1;0;0;1;1;0;0;0
0;0;40.8;72;42;0;0;1;0;0;0;1;0;1;0;0;0;0;0;1;0;0;1;0;0;0;0;0;1;0;1;0;0;0;0;1;0;1;0;0;4.962319;0;0;0;1;0;0;0;0;1;54;7.4;0;0;1;2.94812;0;1;0;1
1;0;38;40;25;0;0;1;0;1;0;0;0;1;0;0;0;0;0;1;0;0;0;0;1;0;0;0;1;0;0;1;0;0;1;0;0;1;0;0;4.962319;0;0;0;1;0;0;0;0;1;37;69;0;1;0;2.94812;1;0;0;0
1;0;38.4;48;16;0;1;0;0;1;0;0;0;1;0;0;0;0;0;1;0;1;0;0;0;0;0;0;1;0;0;1;0;0;0;1;0;1;0;0;4.962319;0;0;0;1;0;1;0;0;0;39;6.5;0;1;0;2.94812;1;0;0;0
1;1;38.6;88;28;0;0;1;0;1;0;0;0;1;0;0;0;0;0;1;0;0;0;1;0;0;0;0;1;0;1;0;0;0;0;1;0;1;0;0;4.962319;0;0;0;1;0;0;0;0;1;35;5.9;0;1;0;2.94812;1;0;0;0
0;0;37.1;75;36;0;0;1;0;1;0;0;0;0;0;1;0;0;0;0;1;0;0;0;1;0;0;0;0;1;0;1;0;0;0;1;0;0;0;1;5;0;0;0;1;0;0;0;1;0;48;7.4;0;0;1;3.2;0;1;0;1
0;0;38.3;44;21;0;0;1;0;1;0;0;0;0;1;0;0;0;0;1;0;0;0;1;0;0;0;0;1;0;0;0;1;0;0;1;0;1;0;0;4.962319;1;0;0;0;0;0;0;0;1;44;6.5;0;1;0;4.4;1;0;0;1
1;0;38.13445;56;68;0;0;1;0;1;0;0;0;1;0;0;0;0;0;1;0;0;0;1;0;0;0;0;1;0;1;0;0;0;0;1;0;1;0;0;4.962319;1;0;0;0;0;0;0;0;1;40;6;0;1;0;2.94812;0;0;1;1
1;0;38.6;68;20;0;1;0;0;1;0;0;0;0;0;1;0;0;0;1;0;0;0;1;0;0;0;0;1;0;0;1;0;0;1;0;0;1;0;0;4.962319;1;0;0;0;0;0;0;0;1;38;6.5;1;0;0;2.94812;1;0;0;0
1;0;38.3;54;18;0;0;1;0;1;0;0;0;0;1;0;0;0;0;1;0;0;1;0;0;0;0;0;1;0;0;1;0;0;0;1;0;0;0;1;5.4;0;0;0;1;0;0;0;1;0;44;7.2;0;0;1;2.94812;1;0;0;0
0;0;38.2;42;20;0;0;1;0;1;0;0;0;1;0;0;0;0;0;1;0;0;0;1;0;0;0;0;1;0;1;0;0;0;0;1;0;1;0;0;4.962319;0;0;1;0;0;0;0;0;1;47;60;0;1;0;2.94812;1;0;0;0
0;0;39.3;64;90;0;1;0;0;0;0;1;0;1;0;0;0;0;0;1;0;0;0;1;0;0;0;0;1;0;1;0;0;0;1;0;0;0;1;0;6.5;1;0;0;0;0;0;0;0;1;39;6.7;0;1;0;2.94812;1;0;0;1
0;0;37.5;60;50;0;0;1;0;0;0;1;0;1;0;0;0;0;0;1;0;0;0;1;0;0;0;0;1;0;0;1;0;0;0;1;0;0;1;0;3.5;0;0;1;0;0;0;0;1;0;35;6.5;0;1;0;2.94812;0;1;0;1
0;0;37.7;80;30.52189;0;0;1;0;0;0;1;0;0;0;0;0;0;1;1;0;0;0;0;0;1;0;0;0;1;1;0;0;0;0;1;0;0;0;1;4.962319;0;0;1;0;1;0;0;0;0;50;55;0;0;1;2;1;0;0;1
0;0;37.7;120;28;0;0;1;0;0;0;1;0;0;0;1;0;0;0;1;0;0;0;0;0;1;0;0;1;0;0;0;1;0;1;0;0;1;0;0;4.962319;0;0;0;1;0;0;0;0;1;65;7;0;0;1;2.94812;0;1;0;1
0;0;38.13445;76;30.52189;0;0;1;0;0;0;1;0;1;0;0;0;0;0;1;0;0;0;1;0;0;0;0;0;1;0;0;0;1;0;1;0;1;0;0;4.962319;0;0;0;1;0;0;0;0;1;45.6568;24.77108;0;1;0;2.94812;0;0;1;1
0;1;38.8;150;50;1;0;0;0;0;0;1;0;0;0;0;0;0;1;0;1;0;0;0;0;1;0;0;1;0;0;1;0;0;1;0;0;1;0;0;4.962319;0;0;0;1;0;0;0;0;1;50;6.2;0;1;0;2.94812;0;1;0;1
0;0;38;36;16;0;0;1;0;1;0;0;0;1;0;0;0;0;0;1;0;0;0;0;1;0;0;1;0;0;0;1;0;0;0;0;1;0;0;1;2;0;0;1;0;0;0;0;0;1;37;75;0;1;0;1;0;0;1;0
1;0;36.9;50;40;0;1;0;0;0;0;1;0;0;0;1;0;0;0;1;0;1;0;0;0;0;0;0;1;0;0;1;0;0;0;0;1;1;0;0;7;0;0;0;1;0;0;0;0;1;37.5;6.5;0;1;0;2.94812;1;0;0;0
1;0;37.8;40;16;1;0;0;0;1;0;0;0;1;0;0;0;0;0;1;0;1;0;0;0;0;1;0;0;0;1;0;0;0;0;1;0;1;0;0;4.962319;1;0;0;0;1;0;0;0;0;37;6.8;0;1;0;2.94812;1;0;0;0
1;0;38.2;56;40;0;0;0;1;0;0;1;0;1;0;0;0;0;0;1;0;0;1;0;0;0;0;0;0;1;0;0;1;0;0;1;0;0;1;0;7.5;0;0;0;1;0;0;0;0;1;47;7.2;1;0;0;2.5;1;0;0;0
0;0;38.6;48;12;0;0;1;0;1;0;0;0;1;0;0;0;0;0;1;0;1;0;0;0;0;1;0;0;0;1;0;0;0;0;1;0;1;0;0;4.962319;0;0;0;1;0;0;0;0;1;36;67;0;1;0;2.94812;1;0;0;0
1;0;40;78;30.52189;0;0;1;0;0;0;1;0;0;0;0;0;1;0;1;0;0;1;0;0;0;0;0;1;0;1;0;0;0;1;0;0;1;0;0;4.962319;0;0;0;1;1;0;0;0;0;66;6.5;0;1;0;2.94812;0;1;0;1
0;0;38.2;72;18;0;0;1;0;1;0;0;0;1;0;0;0;0;0;1;0;0;0;1;0;0;0;0;1;0;1;0;0;0;0;1;0;1;0;0;4.962319;0;0;0;1;0;0;0;0;1;35;6.4;0;1;0;2.94812;1;0;0;1
1;0;38.5;54;30.52189;1;0;0;0;1;0;0;0;1;0;0;0;0;0;1;0;0;0;1;0;0;1;0;0;0;1;0;0;0;0;1;0;1;0;0;4.962319;1;0;0;0;0;0;0;0;1;40;6.8;0;1;0;7;1;0;0;0
0;0;38.5;66;24;1;0;0;0;1;0;0;0;1;0;0;0;0;0;1;0;0;0;1;0;0;0;0;1;0;1;0;0;0;0;1;0;1;0;0;4.962319;0;0;0;1;0;0;0;0;1;40;6.7;1;0;0;2.94812;1;0;0;1
1;0;37.8;82;12;0;0;1;0;1;0;0;0;1;0;0;0;0;0;0;1;0;0;0;1;0;0;0;1;0;0;0;1;0;1;0;0;0;0;1;4.962319;0;0;0;1;0;0;0;0;1;50;7;0;1;0;2.94812;0;0;1;1
1;1;39.5;84;30;0;0;1;0;1;0;0;0;1;0;0;0;0;0;1;0;0;0;1;0;0;0;0;1;0;1;0;0;0;0;1;0;1;0;0;4.962319;0;0;0;1;0;0;0;0;1;28;5;0;1;0;2.94812;1;0;0;0
0;0;38;50;36;0;0;1;0;1;0;0;0;1;0;0;0;0;0;1;0;0;0;1;0;0;0;1;0;0;0;1;0;0;0;1;0;1;0;0;4.962319;0;0;1;0;0;0;0;0;1;39;6.6;1;0;0;5.3;1;0;0;1
1;0;38.6;45;16;0;1;0;0;1;0;0;0;0;1;0;0;0;0;1;0;1;0;0;0;0;1;0;0;0;1;0;0;0;0;1;0;1;0;0;4.962319;1;0;0;0;1;0;0;0;0;43;58;0;1;0;2.94812;1;0;0;0
0;0;38.9;80;44;0;0;1;0;0;0;1;0;0;0;1;0;0;0;1;0;0;1;0;0;0;0;0;1;0;0;0;1;0;0;1;0;0;1;0;7;0;0;1;0;1;0;0;0;0;54;6.5;0;0;1;2.94812;0;1;0;1
0;0;37;66;20;1;0;0;0;0;0;1;0;0;1;0;0;0;0;1;0;0;0;0;1;0;0;0;1;0;0;0;1;0;1;0;0;1;0;0;4.962319;1;0;0;0;0;0;0;0;1;35;6.9;0;1;0;2.94812;0;1;0;1
0;0;38.13445;78;24;0;0;1;0;0;0;1;0;0;0;1;0;0;0;1;0;0;0;1;0;0;0;0;1;0;1;0;0;0;0;1;0;1;0;0;4.962319;0;0;0;1;0;0;0;1;0;43;62;0;1;0;2;0;0;1;0
1;0;38.5;40;16;1;0;0;0;1;0;0;0;1;0;0;0;0;0;1;0;0;1;0;0;0;1;0;0;0;1;0;0;0;0;1;0;1;0;0;4.962319;0;0;1;0;0;1;0;0;0;37;67;0;1;0;2.94812;1;0;0;0
0;0;38.13445;120;70;0;0;0;1;1;0;0;0;0;0;0;1;0;0;0;1;0;1;0;0;0;0;0;0;1;1;0;0;0;0;1;0;1;0;0;4.962319;0;0;0;1;0;0;0;0;1;55;65;0;1;0;2.94812;0;0;1;0
1;0;37.2;72;24;0;0;1;0;0;1;0;0;0;0;0;1;0;0;0;1;0;0;0;1;0;0;0;1;0;0;0;1;0;0;0;1;1;0;0;4.962319;0;0;0;1;0;0;0;1;0;44;24.77108;0;0;1;3.3;0;0;1;1
0;0;37.5;72;30;0;0;0;1;0;0;1;0;0;0;0;1;0;0;1;0;0;0;0;1;0;0;0;0;1;0;0;1;0;0;1;0;1;0;0;4.962319;0;0;1;0;0;0;0;0;1;60;6.8;0;1;0;2.94812;0;1;0;1
0;0;36.5;100;24;0;0;1;0;0;0;1;0;0;0;1;0;0;0;1;0;0;0;1;0;0;0;0;1;0;0;0;1;0;0;0;1;1;0;0;4.962319;0;0;0;1;0;0;0;1;0;50;6;0;0;1;3.4;1;0;0;1
0;0;37.2;40;20;0;0;1;0;1;0;0;0;1;0;0;0;0;0;1;0;0;0;1;0;0;0;0;1;0;1;0;0;0;0;1;0;1;0;0;4.962319;0;0;0;1;1;0;0;0;0;36;62;1;0;0;1;0;0;1;0
1;0;38.5;54;20;0;0;1;0;1;0;0;0;0;1;0;0;0;0;0;1;0;0;1;0;0;0;0;0;1;1;0;0;0;0;1;0;0;1;0;5.9;0;0;0;1;0;1;0;0;0;42;6.3;0;1;0;2.94812;1;0;0;0
1;0;37.6;48;36;0;0;1;0;1;0;0;0;1;0;0;0;0;0;1;0;0;0;1;0;0;0;0;1;0;1;0;0;0;0;1;0;1;0;0;4.962319;0;0;0;1;0;0;0;0;1;44;6.3;1;0;0;5;1;0;0;0
0;0;37.7;44;28;0;0;1;0;0;0;0;1;0;0;1;0;0;0;0;1;0;0;0;0;1;0;0;0;1;0;0;0;1;1;0;0;1;0;0;4.962319;0;0;1;0;0;0;0;0;1;45;70;0;0;1;2;1;0;0;1
0;0;37;56;24;0;0;1;0;1;0;0;0;0;0;0;1;0;0;0;1;0;0;0;1;0;0;0;0;1;0;0;1;0;1;0;0;1;0;0;4.962319;0;0;0;1;0;0;0;0;1;35;61;0;0;1;2;0;0;1;0
1;0;38;42;12;0;0;1;0;1;0;0;0;0;0;1;0;0;0;1;0;1;0;0;0;0;0;0;1;0;1;0;0;0;0;1;0;1;0;0;4.962319;0;0;0;1;0;1;0;0;0;37;5.8;0;1;0;2.94812;1;0;0;0
0;0;38.13445;60;40;0;0;1;0;1;0;0;0;1;0;0;0;0;0;1;0;0;0;1;0;0;0;0;0;1;1;0;0;0;0;0;1;0;1;0;4.962319;0;0;0;1;0;0;0;0;1;42;72;0;1;0;2.94812;1;0;0;1
1;0;38.4;80;60;0;0;1;0;0;1;0;0;0;1;0;0;0;0;1;0;0;0;1;0;0;0;1;0;0;1;0;0;0;0;1;0;0;1;0;4.962319;1;0;0;0;1;0;0;0;0;54;6.9;0;1;0;2.94812;1;0;0;0
1;0;37.8;48;12;0;1;0;0;1;0;0;0;0;1;0;0;0;0;1;0;0;0;1;0;0;0;0;1;0;1;0;0;0;0;1;0;1;0;0;4.962319;0;1;0;0;0;0;0;0;1;48;7.3;1;0;0;2.94812;1;0;0;0
0;0;38;65;40;0;0;1;0;1;0;0;0;0;0;0;1;0;0;0;1;0;1;0;0;0;0;0;1;0;1;0;0;0;0;1;0;1;0;0;4.962319;0;0;0;1;0;0;0;0;1;45.6568;24.77108;0;1;0;2.94812;1;0;0;1
1;0;37.9;45;36;0;0;1;0;0;0;1;0;0;0;1;0;0;0;0;1;0;1;0;0;0;0;0;1;0;1;0;0;0;0;1;0;1;0;0;4.962319;0;0;1;0;0;0;0;0;1;33;5.7;0;0;1;2.94812;1;0;0;1
1;0;39;84;12;0;0;1;0;1;0;0;0;0;0;0;0;1;0;1;0;0;1;0;0;0;0;0;0;1;0;1;0;0;1;0;0;0;1;0;7;0;0;0;1;0;0;0;1;0;62;5.9;0;1;0;2.2;0;1;0;1
1;0;38.2;60;24;0;0;1;0;1;0;0;0;0;0;1;0;0;0;0;1;0;0;1;0;0;0;0;1;0;0;1;0;0;0;0;1;0;0;1;4.962319;0;0;0;1;0;0;0;1;0;53;7.5;0;1;0;1.4;1;0;0;0
0;0;38.13445;140;30.52189;0;0;1;0;1;0;0;0;0;0;0;1;0;0;0;1;0;0;0;0;1;0;0;0;1;0;0;0;1;1;0;0;1;0;0;4.962319;0;0;0;1;0;0;0;0;1;30;69;0;1;0;2.94812;0;1;0;0
0;0;37.9;120;60;0;0;1;0;0;0;1;0;0;0;1;0;0;0;1;0;0;0;0;0;1;0;0;0;1;0;0;0;1;0;1;0;0;1;0;7.5;0;0;0;1;0;0;0;0;1;52;6.6;0;0;1;1.8;0;1;0;1
1;0;38;72;36;1;0;0;0;1;0;0;0;0;0;1;0;0;0;1;0;0;0;1;0;0;0;0;1;0;0;1;0;0;0;1;0;1;0;0;4.962319;0;0;1;0;0;0;0;0;1;38;6.8;0;1;0;2;1;0;0;0
1;1;38;92;28;1;0;0;0;1;0;0;0;0;1;0;0;0;0;1;0;1;0;0;0;0;0;0;1;0;0;1;0;0;0;0;1;1;0;0;7.2;0;0;0;1;0;0;0;0;1;37;6.1;1;0;0;1.1;1;0;0;0
0;0;38.3;66;30;0;1;0;0;0;0;1;0;1;0;0;0;0;0;1;0;0;1;0;0;0;0;0;0;1;0;0;1;0;0;0;1;0;1;0;8.5;0;0;0;1;0;0;0;0;1;37;6;0;1;0;2.94812;1;0;0;1
1;0;37.5;48;24;0;0;1;0;1;0;0;0;1;0;0;0;0;0;1;0;0;1;0;0;0;1;0;0;0;1;0;0;0;1;0;0;1;0;0;4.962319;0;0;1;0;0;1;0;0;0;43;6;1;0;0;2.8;1;0;0;0
0;0;37.5;88;20;0;1;0;0;0;0;1;0;0;0;1;0;0;0;1;0;0;0;0;1;0;0;0;1;0;0;0;1;0;0;1;0;1;0;0;4.962319;0;0;0;1;0;0;0;0;1;35;6.4;1;0;0;2.94812;0;1;0;1
1;1;38.13445;150;60;0;0;0;1;0;0;0;1;0;0;0;1;0;0;0;1;0;0;0;0;1;0;0;0;1;0;0;0;1;0;1;0;1;0;0;4.962319;0;0;0;1;0;0;0;0;1;45.6568;24.77108;0;1;0;2.94812;0;1;0;1
0;0;39.7;100;30;0;0;1;0;1;0;0;0;0;0;0;0;0;1;0;1;0;0;0;1;0;0;0;0;1;0;0;1;0;1;0;0;1;0;0;4.962319;0;0;0;1;0;0;0;0;1;65;75;0;1;0;2.94812;0;0;1;1
0;0;38.3;80;30.52189;0;0;1;0;0;0;1;0;0;0;0;1;0;0;0;1;0;0;0;0;1;0;0;0;1;0;0;1;0;0;1;0;1;0;0;4.962319;0;0;0;1;0;0;0;1;0;45;7.5;0;1;0;4.6;1;0;0;1
1;0;37.5;40;32;0;0;1;0;1;0;0;0;0;0;1;0;0;0;1;0;0;0;1;0;0;0;1;0;0;0;0;1;0;0;1;0;1;0;0;4.962319;0;0;0;1;0;0;0;0;1;32;6.4;1;0;0;1.1;1;0;0;1
0;0;38.1;84;44;0;0;0;1;1;0;0;0;0;0;0;1;0;0;0;1;0;0;0;0;1;0;0;1;0;1;0;0;0;1;0;0;0;0;1;5;0;0;0;1;0;0;0;1;0;60;6.8;0;1;0;5.7;0;1;0;1
1;0;38.7;52;30.52189;1;0;0;0;1;0;0;0;1;0;0;0;0;0;1;0;1;0;0;0;0;0;0;1;0;1;0;0;0;0;1;0;1;0;0;4.962319;1;0;0;0;0;0;1;0;0;4;74;0;1;0;2.94812;1;0;0;0
1;0;38.1;44;40;0;1;0;0;1;0;0;0;0;0;1;0;0;0;1;0;0;0;1;0;0;0;0;1;0;1;0;0;0;0;1;0;1;0;0;4.962319;1;0;0;0;0;0;1;0;0;35;6.8;0;1;0;2.94812;1;0;0;0
1;0;38.4;52;20;0;1;0;0;1;0;0;0;0;0;1;0;0;0;1;0;1;0;0;0;0;0;0;1;0;0;1;0;0;0;1;0;1;0;0;4.962319;0;0;1;0;0;0;0;0;1;41;63;1;0;0;1;1;0;0;0
0;0;38.2;60;30.52189;1;0;0;0;1;0;0;0;0;0;1;0;0;0;1;0;0;1;0;0;0;1;0;0;0;1;0;0;0;1;0;0;1;0;0;4.962319;0;0;0;1;0;0;0;1;0;43;6.2;0;1;0;3.9;1;0;0;1
1;0;37.7;40;18;1;0;0;0;1;0;0;0;1;0;0;0;0;0;1;0;0;0;1;0;0;0;1;0;0;1;0;0;0;1;0;0;1;0;0;4.962319;0;0;1;0;0;0;1;0;0;36;3.5;0;1;0;2.94812;1;0;0;0
0;0;39.1;60;10;0;0;1;0;1;0;0;0;1;0;0;0;0;0;1;0;0;1;0;0;0;0;0;1;0;1;0;0;0;0;1;0;1;0;0;4.962319;0;0;0;1;0;0;0;1;0;45.6568;24.77108;0;1;0;2.94812;1;0;0;1
1;0;37.8;48;16;1;0;0;0;1;0;0;0;1;0;0;0;0;0;1;0;0;0;1;0;0;1;0;0;0;1;0;0;0;0;1;0;1;0;0;4.962319;0;0;0;1;0;0;1;0;0;43;7.5;0;1;0;2.94812;1;0;0;0
0;0;39;120;30.52189;0;0;0;1;0;0;1;0;0;0;0;0;1;0;0;1;0;1;0;0;0;0;0;0;1;0;0;1;0;0;1;0;0;0;1;8;0;0;0;1;0;0;0;0;1;65;8.2;0;0;1;4.6;1;0;0;0
0;0;38.2;76;30.52189;0;1;0;0;0;0;1;0;0;1;0;0;0;0;1;0;0;0;0;0;1;0;0;1;0;0;0;1;0;1;0;0;0;1;0;6;1;0;0;0;0;0;0;0;1;35;6.5;0;1;0;0.9;1;0;0;1
1;0;38.3;88;30.52189;0;0;1;0;1;0;0;0;0;0;0;0;0;1;1;0;0;0;1;0;0;0;0;1;0;1;0;0;0;0;1;0;1;0;0;4.962319;0;0;0;1;0;0;0;0;1;45.6568;24.77108;0;1;0;2.94812;0;1;0;0
0;0;38;80;30;0;0;1;0;0;0;1;0;0;0;1;0;0;0;1;0;0;0;1;0;0;0;0;1;0;1;0;0;0;0;1;0;1;0;0;6;0;0;0;1;0;0;0;0;1;48;8.3;0;1;0;4.3;1;0;0;1
0;0;38.13445;70.75731;30.52189;0;0;1;0;1;0;0;0;1;0;0;0;0;0;1;0;0;1;0;0;0;0;0;1;0;0;0;1;0;1;0;0;0;0;1;6;0;0;0;1;0;0;0;1;0;45.6568;24.77108;0;1;0;2.94812;0;1;0;1
0;0;37.6;40;30.52189;1;0;0;0;1;0;0;0;1;0;0;0;0;0;1;0;1;0;0;0;0;1;0;0;0;1;0;0;0;0;1;0;1;0;0;4.962319;1;0;0;0;1;0;0;0;0;45.6568;24.77108;0;1;0;2.1;1;0;0;1
1;0;37.5;44;30.52189;1;0;0;0;1;0;0;0;1;0;0;0;0;0;1;0;0;0;1;0;0;0;0;1;0;0;1;0;0;0;1;0;1;0;0;4.962319;0;0;0;1;0;0;0;0;1;45;5.8;0;1;0;1.4;1;0;0;0
1;0;38.2;42;16;1;0;0;0;1;0;0;0;0;0;1;0;0;0;1;0;1;0;0;0;0;0;0;1;0;1;0;0;0;0;1;0;1;0;0;4.962319;1;0;0;0;0;0;0;0;1;35;60;1;0;0;1;1;0;0;0
1;0;38;56;44;0;0;1;0;0;0;1;0;0;0;1;0;0;0;1;0;0;0;1;0;0;1;0;0;0;1;0;0;0;0;1;0;1;0;0;4.962319;0;0;0;1;0;0;0;0;1;47;70;0;1;0;1;1;0;0;0
1;0;38.3;45;20;0;0;1;0;0;0;1;0;0;1;0;0;0;0;0;1;0;1;0;0;0;0;0;0;1;1;0;0;0;0;1;0;1;0;0;4.962319;0;0;0;1;0;0;0;0;1;45.6568;24.77108;0;1;0;2.94812;1;0;0;0
0;0;38.13445;48;96;1;0;0;0;1;0;0;0;0;0;1;0;0;0;1;0;0;0;1;0;0;0;0;0;1;1;0;0;0;0;1;0;1;0;0;4.962319;1;0;0;0;0;0;0;1;0;42;8;1;0;0;2.94812;1;0;0;1
0;0;37.7;55;28;0;1;0;0;1;0;0;0;0;1;0;0;0;0;1;0;0;1;0;0;0;0;0;1;0;0;0;1;0;0;1;0;0;0;1;5;0;0;0;1;0;0;0;0;1;45.6568;24.77108;0;1;0;2.94812;1;0;0;1
1;0;36;100;20;0;0;0;1;0;0;1;0;0;0;0;0;0;1;0;1;0;1;0;0;0;0;0;0;1;0;0;1;0;1;0;0;1;0;0;4.962319;0;0;0;1;0;0;0;0;1;74;5.7;0;1;0;2.5;0;0;1;1
0;0;37.1;60;20;0;1;0;0;1;0;0;0;0;0;0;1;0;0;1;0;0;0;1;0;0;0;0;1;0;0;0;1;0;0;1;0;0;1;0;5;0;0;1;0;0;0;0;1;0;64;8.5;0;1;0;2.94812;1;0;0;1
1;0;37.1;114;40;0;0;1;0;1;0;0;0;0;0;1;0;0;0;0;1;0;1;0;0;0;0;1;0;0;1;0;0;0;0;1;0;1;0;0;4.962319;0;0;0;1;0;0;1;0;0;32;24.77108;0;0;1;6.5;1;0;0;0
0;0;38.1;72;30;0;0;1;0;0;0;1;0;0;0;1;0;0;0;1;0;0;0;0;1;0;0;0;0;1;0;0;1;0;0;1;0;1;0;0;4.962319;0;0;1;0;0;0;0;0;1;37;56;0;0;1;1;1;0;0;1
0;0;37;44;12;0;0;1;0;1;0;0;0;1;0;0;0;0;0;0;1;1;0;0;0;0;1;0;0;0;1;0;0;0;0;1;0;1;0;0;4.962319;0;0;0;1;0;1;0;0;0;40;6.7;0;0;1;8;1;0;0;1
0;0;38.6;48;20;0;0;1;0;1;0;0;0;1;0;0;0;0;0;1;0;0;0;0;1;0;0;0;1;0;1;0;0;0;0;1;0;1;0;0;4.962319;0;0;1;0;0;0;0;0;1;37;75;0;1;0;2.94812;1;0;0;1
0;0;38.13445;82;72;0;0;1;0;1;0;0;0;0;0;0;1;0;0;1;0;0;1;0;0;0;0;0;1;0;0;0;1;0;0;1;0;0;0;1;4.962319;0;0;0;1;0;0;0;1;0;53;65;0;0;1;2;0;0;1;1
0;1;38.2;78;60;0;0;0;1;0;0;0;1;0;0;0;0;0;1;1;0;0;0;1;0;0;0;0;1;0;0;0;1;0;0;1;0;1;0;0;4.962319;1;0;0;0;0;0;0;0;1;59;5.8;0;0;1;3.1;0;1;0;1
1;0;37.8;60;16;1;0;0;0;1;0;0;0;0;0;1;0;0;0;1;0;0;1;0;0;0;0;0;1;0;0;1;0;0;1;0;0;0;1;0;4.962319;0;0;1;0;0;0;0;0;1;41;73;0;1;0;2.94812;0;0;1;0
0;0;38.7;34;30;0;1;0;0;1;0;0;0;0;0;1;0;0;0;1;0;0;1;0;0;0;0;0;1;0;1;0;0;0;0;1;0;1;0;0;4.962319;0;0;0;1;0;0;0;0;1;33;69;0;1;0;2;0;0;1;1
0;0;38.13445;36;12;1;0;0;0;1;0;0;0;1;0;0;0;0;0;1;0;1;0;0;0;0;0;1;0;0;1;0;0;0;1;0;0;1;0;0;4.962319;1;0;0;0;0;0;0;0;1;44;24.77108;0;1;0;2.94812;1;0;0;1
1;0;38.3;44;60;0;0;1;0;1;0;0;0;1;0;0;0;0;0;1;0;0;0;1;0;0;0;0;1;0;1;0;0;0;0;1;0;1;0;0;4.962319;0;0;0;1;0;0;0;0;1;6.4;36;0;1;0;2.94812;1;0;0;1
1;0;37.4;54;18;0;0;1;0;1;0;0;0;1;0;0;0;0;0;1;0;0;0;1;0;0;0;0;0;1;0;0;1;0;0;1;0;0;1;0;4.962319;0;0;0;1;0;0;0;0;1;30;7.1;0;1;0;2.94812;1;0;0;1
0;0;38.13445;70.75731;30.52189;0;0;0;1;0;0;1;0;1;0;0;0;0;0;0;1;0;1;0;0;0;0;0;0;1;1;0;0;0;0;1;0;1;0;0;4.962319;0;0;0;1;0;0;0;0;1;54;76;0;0;1;2;1;0;0;1
0;0;36.6;48;16;0;0;1;0;1;0;0;0;0;0;1;0;0;0;1;0;0;0;0;1;0;1;0;0;0;1;0;0;0;1;0;0;1;0;0;4.962319;0;0;0;1;0;0;0;0;1;27;56;0;1;0;2.94812;0;0;1;1
0;0;38.5;90;30.52189;1;0;0;0;1;0;0;0;0;0;1;0;0;0;1;0;0;0;1;0;0;0;0;1;0;0;0;1;0;0;1;0;0;0;1;2;0;0;0;1;0;0;0;0;1;47;79;0;1;0;2.94812;1;0;0;1
0;0;38.13445;75;12;1;0;0;0;1;0;0;0;0;0;0;1;0;0;1;0;0;0;0;0;1;0;0;1;0;0;0;1;0;0;1;0;0;0;1;5.8;0;0;0;1;0;0;0;0;1;58;8.5;1;0;0;2.94812;1;0;0;1
1;0;38.2;42;30.52189;0;0;1;0;1;0;0;0;1;0;0;0;0;0;1;0;1;0;0;0;0;1;0;0;0;0;1;0;0;0;1;0;1;0;0;4.962319;0;0;1;0;0;1;0;0;0;35;5.9;0;1;0;2.94812;1;0;0;0
1;0;38.6;60;30;1;0;0;0;1;0;0;0;0;0;1;0;0;0;1;0;0;0;0;1;0;0;1;0;0;0;1;0;0;1;0;0;1;0;0;4.962319;0;0;0;1;0;0;0;0;1;40;6;1;0;0;2.94812;1;0;0;1
1;0;37.8;42;40;1;0;0;0;1;0;0;0;1;0;0;0;0;0;1;0;1;0;0;0;0;0;0;1;0;1;0;0;0;0;1;0;1;0;0;4.962319;0;0;1;0;0;0;1;0;0;36;6.2;0;1;0;2.94812;1;0;0;0
0;0;38;60;12;1;0;0;0;1;0;0;0;0;1;0;0;0;0;1;0;0;1;0;0;0;1;0;0;0;1;0;0;0;1;0;0;1;0;0;4.962319;1;0;0;0;0;0;0;1;0;44;65;0;0;1;2;0;0;1;1
1;0;38;42;12;0;0;1;0;1;0;0;0;0;0;1;0;0;0;1;0;1;0;0;0;0;1;0;0;0;1;0;0;0;0;1;0;1;0;0;4.962319;0;0;0;1;1;0;0;0;0;37;5.8;0;1;0;2.94812;1;0;0;0
